Title,Category,Runtime,Genres,Director,Watch Link,IMDB,TMDB,Overview
10s Across Viçosa - Um documentário sobre a cena ballroom na Zona da Mata Mineira,Feature Films (70+ min),100,Documentary,Stela Maris,,,https://www.themoviedb.org/movie/1593164,"A documentary exploring the vibrant ballroom scene in Viçosa, Minas Gerais. Through the lives of local performers, it highlights how queer, trans, and"
11:11,Feature Films (70+ min),128,"Romance, Drama, Thriller, Mystery",Kittu Nalluri,,https://www.imdb.com/title/tt15840112/,https://www.themoviedb.org/movie/1605210,"What begins as a happy reunion for Arjun and Navya quickly turns dark when a private video is leaked, and an unknown caller uses it to blackmail them."
"20, Livid",Feature Films (70+ min),74,"Drama, Romance",Raven Milligan,,https://www.imdb.com/title/tt36753905/,https://www.themoviedb.org/movie/1492890,Len is a 20 year old college freshman with the desire to be an artist and go see the world. The only problem is that she is stuck in a college dorm ro
44e Festival mondial du Cirque de Demain,Feature Films (70+ min),91,Family,Guillaume Klein,,,https://www.themoviedb.org/movie/1604884,"Acrobatics, clown acts, juggling, trapeze...  Every year in Paris, the Cirque Phénix welcomes the world's finest young circus performers for an evenin"
47e Festival international du cirque de Monte-Carlo,Feature Films (70+ min),120,Family,François-René Martin,,,https://www.themoviedb.org/movie/1600894,
A Mother's Confession,Feature Films (70+ min),113,"Crime, Drama",Maya Table,,https://www.imdb.com/title/tt37171439/,https://www.themoviedb.org/movie/1594812,"When a gang shooting leaves her son in a coma, a single mother grapples with faith and morality as she seeks vengeance against the perpetrator."
Aetherrise,Feature Films (70+ min),100,"Drama, Thriller",Eva Naureckaite,,,https://www.themoviedb.org/movie/1516260,Aetherrise (lt. Aukštynpakylėjimas) is a feature film — a experimental psychological surrealistic drama.  Mija exists between silent conversations and
Alfie Brown: The Last Cancelled Comedian,Feature Films (70+ min),92,Comedy,Will Hutchby,https://www.youtube.com/watch?v=_fJ3pO5CFxg,,https://www.themoviedb.org/movie/1598850,Award winning and latterly disgraced comedian Alfie Brown is back. This is his first full special since the resurfacing of an old routine put his care
Aliwan Inn,Feature Films (70+ min),72,Drama,Roman Perez Jr.,,https://www.imdb.com/title/tt39018785/,https://www.themoviedb.org/movie/1588858,"A timid staff member secretly fantasizes about the motel's alluring regular guest, who is a known hooker. He finds himself realizing his wildest fanta"
"American Sasquatch: Man, Myth or Monster",Feature Films (70+ min),98,Documentary,Gabe Torres,,https://www.imdb.com/title/tt38588187/,https://www.themoviedb.org/movie/1558396,"American Sasquatch: Man, Myth, or Monster takes audiences on a groundbreaking investigation into one of the world's greatest mysteries. Created by for"
An Island of the Mind,Feature Films (70+ min),81,Documentary,Tony Ung,https://www.anislandofthemind.com/,https://www.imdb.com/title/tt39105538/,https://www.themoviedb.org/movie/1442841,"A homeless man with schizophrenia slowly embraces antipsychotic medication under Hawaii's only willing psychiatrist and a court mandate, while a man i"
Andre,Feature Films (70+ min),80,"Comedy, Drama",Spencer Levy,,,https://www.themoviedb.org/movie/1569967,"Andre inherits a small fortune. Rather than providing stability, the money pushes him into a series of surreal and aimless encounters with eccentric s"
Andries Tunru: Marmer,Feature Films (70+ min),86,Comedy,Eveline Mol,,,https://www.themoviedb.org/movie/1606005,Registration of the theatre program by the Dutch comedian Andries Tunru.
Aparna Nancherla: Hopeful Potato,Feature Films (70+ min),77,Comedy,Eliza M. Skinner,,https://www.imdb.com/title/tt38711471/,https://www.themoviedb.org/movie/1564467,"Comprising a mix of anxiety, cerebral tangents, and a dash of absurdist whimsy."
Apple Music Live: Fred again..,Feature Films (70+ min),180,Music,Becky Garner,https://tv.apple.com/us/movie/apple-music-live-fred-again/umc.cmc.3zsncw5250n66z6vebyifw97,https://www.imdb.com/title/tt39186198/,https://www.themoviedb.org/movie/1600578,"Party into the new year with the DJ, who played an electrifying set in Dublin during his USB002 show, accompanied by his friends and guests."
Beauty from Pain,Feature Films (70+ min),116,"Romance, Drama",Christine Luby,https://watch.passionflix.com/,https://www.imdb.com/title/tt36585628/,https://www.themoviedb.org/movie/1495694,"After a devastating heartbreak, an aspiring musician escapes to Australia. She agrees to a no-strings romance with a billionaire winemaker, but when s"
Bengali Food Journal,Feature Films (70+ min),116,"Drama, Documentary",Vamshi Ohgs,https://www.youtube.com/channel/UCoBs3-Ykj4qWMXOA6ZR0fgA,https://www.imdb.com/title/tt38778593/,https://www.themoviedb.org/movie/1569713,"A visual novel that serves as a poetic and cyclic slice-of-life story, focusing on Bengali cuisines, culture and chorography. It primarily highlights "
Beyond Our End,Feature Films (70+ min),98,,Kryzz Gautier,,,https://www.themoviedb.org/movie/1605139,"Two lovers in the midst of a breakup discuss which memories to keep and which to erase, a young couple finds their relationship tested when a national"
Boban Braspenning: Boompje Beestje,Feature Films (70+ min),85,Comedy,Audrey Boulder,,,https://www.themoviedb.org/movie/1605705,Registration of the theatre program by the Dutch comedian Boban Braspenning.
Borderline,Feature Films (70+ min),102,Drama,Ignas Jonynas,,https://www.imdb.com/title/tt38784511/,https://www.themoviedb.org/movie/1399705,"Ornithologist Vilius, trapped by guilt and loss, gets himself into a dangerous smuggling business,  unexpectedly, this criminal activity forces him to"
Brent Forever: Live From Brooklyn Paramount,Feature Films (70+ min),104,"Music, Documentary",Hunter Moreno,https://www.brentforever.com/,,https://www.themoviedb.org/movie/1598061,"Chelsea Cutler & Jeremy Zucker perform songs from their three 'Brent' Projects live from Brooklyn Paramount.  Performed Live on November 26, 2024."
Charmed by the Devil,Feature Films (70+ min),84,"Documentary, Crime",,https://www.oxygen.com/charmed-by-the-devil,https://www.imdb.com/title/tt36941218/,https://www.themoviedb.org/movie/1601761,"A journalist embarks on a 40-year quest to uncover the motives of one of the most prolific killers, resulting in 500 hours of secret tapes."
Christmas at the Inn,Feature Films (70+ min),84,"TV Movie, Romance",Lisa France,,https://www.imdb.com/title/tt38350955/,https://www.themoviedb.org/movie/1554293,"When a devoted café owner returns home to help her family host the town’s cherished Yuletide Potluck, she unexpectedly reunites with the man from a di"
Christmas with André Rieu – Live in Maastricht,Feature Films (70+ min),90,"Documentary, Family",,https://www.andrerieu.com/en,,https://www.themoviedb.org/movie/1603927,André Rieu & His Johann Strauss Orchestra performing live in Maastricht (2019).
CMXXIV,Feature Films (70+ min),113,Comedy,Cem Yılmaz,https://www.netflix.com/tr/title/81622696,https://www.imdb.com/title/tt39214430/,https://www.themoviedb.org/movie/972445,Turkish comedy heavyweight Cem Yılmaz takes the stand-up stage in this dynamic special – covering everything from cancel culture to regretful tattoos.
Cotton is the Clouds in the Sky,Feature Films (70+ min),72,Documentary,ZHANG HUAN CAI,,,https://www.themoviedb.org/movie/1592732,"Around the year 2000 AD, it was reported in the news that about two million cotton pickers rush to the vast land of Xinjiang every year, just like mig"
Daniel Sloss: Can't,Feature Films (70+ min),94,Comedy,Daniel Sloss,https://danielsloss.com/,https://www.imdb.com/title/tt39115106/,https://www.themoviedb.org/movie/1595433,The new comedy special from the star and creator of Netflix hit shows ‘DARK’ & ‘JIGSAW’ as well as ‘Daniel Sloss: X’ + ‘Daniel Sloss: SOCIO’ + ' ‘Dani
Date with Saie,Feature Films (70+ min),130,"Thriller, Drama",Dnyanesh Zoting,,,https://www.themoviedb.org/movie/1600535,"An aspiring filmmaker, Raghunath wants to make a film with Marathi superstar Saie Tamhankar as his heroine. What happens when his admiration becomes a"
Dawn of the Dogman,Feature Films (70+ min),77,Documentary,Seth Breedlove,https://www.smalltownmonsters.com/shop/dawn,https://www.imdb.com/title/tt38350122/,https://www.themoviedb.org/movie/1588890,A retrospective of tales of the Dogman in the state of Michigan.
Deterring Aggression,Feature Films (70+ min),131,"Documentary, War, History",,,https://www.imdb.com/title/tt39283355/,https://www.themoviedb.org/movie/1601939,"Untold stories from the frontlines of the 'Deterring Aggression' battle. This documentary chronicles the ten decisive days preceding the operation, ca"
Dhurandhar,Feature Films (70+ min),212,"Action, Thriller",Aditya Dhar,,https://www.imdb.com/title/tt33014583/,https://www.themoviedb.org/movie/1291608,"After the hijacking of IC-814 in 1999 and the Parliament attack in 2001, India’s Intelligence Bureau Chief, Ajay Sanyal, devises an indomitable missio"
Dimension 20 Live: Quangle Quest,Feature Films (70+ min),120,"Comedy, Fantasy",Michael Schaubach,https://watch.dropout.tv/dimension-20-live-quangle-quest,,https://www.themoviedb.org/movie/1591384,The Bad Kids journey through the Dimension 20 multiverse to save Kristen Applebees.
Dimlight,Feature Films (70+ min),119,"Drama, Comedy",Sharaf Ahmed Zibon,https://www.chorki.com/movie/dimlight,https://www.imdb.com/title/tt39163998/,https://www.themoviedb.org/movie/1587322,"Tears hidden behind laughter, a quiet love tucked between family quarrels, and the struggle of a comedian trying to survive a life that is anything bu"
dreamtext,Feature Films (70+ min),82,Music,Joseph Zitt,https://metatronarts.com/dreamtext,https://www.imdb.com/title/tt39149341/,https://www.themoviedb.org/movie/1595097,Joseph Zitt’s film dreamtext דברי חלום is a feature-length dream of coming to life in Israel. Four images of dancer Cheryl Nayowitz move past and thro
Dust Bunny,Feature Films (70+ min),106,"Action, Fantasy, Thriller",Bryan Fuller,https://www.dustbunnyfilm.com/,https://www.imdb.com/title/tt23172090/,https://www.themoviedb.org/movie/1043197,"Ten-year-old Aurora asks her hitman neighbor to kill the monster she believes ate her entire family. To protect her, he'll need to battle an onslaught"
EDINBURGH BIG BOYS,Feature Films (70+ min),85,Comedy,,,,https://www.themoviedb.org/movie/1601685,"Live from the Pleasance Grand at Edinburgh Fringe 2025, with the best of their four-show run, Shoot From The Hip present: EDINBURGH BIG BOYS, a full c"
Ekis,Feature Films (70+ min),107,Drama,Christian Paolo Lat,,https://www.imdb.com/title/tt39018730/,https://www.themoviedb.org/movie/1588846,"Erik Matti’s classic Ekis gets a bold reboot with an all-girls ensemble led by Angela Morena, Cheena Dizon, and Aliya Raymundo. A crew of female thugs"
ELIZA,Feature Films (70+ min),105,"Crime, Thriller, Drama",,https://cbfcindia.gov.in/cbfcAdmin/search-result.php?recid=Q0EwOTA5MTAyMDI1MDAwMjE=,,https://www.themoviedb.org/movie/1567457,The Movie Starts with a flashback where beautiful visuals of a mother feeding her daughter Shifting to present day there are two youngsters ‘ Sandeep 
Entropy,Feature Films (70+ min),95,"Thriller, Science Fiction",Vadim Bolbot,https://www.cypruscinema.studio/mars,https://www.imdb.com/title/tt33055019/,https://www.themoviedb.org/movie/1369755,"Emi Thorn, the daughter of a notorious serial killer, finds herself trapped in a time loop, where she faces the horrific crimes of her father. The sma"
Eurobnoxious,Feature Films (70+ min),109,"Comedy, Adventure, Documentary, Animation",Phil Rankin,,,https://www.themoviedb.org/movie/1596365,"Hold on! The boys are back in town, in their third ever vlog-movie motion picture! They want to horrify us, they want to annoy us, and they want... A "
Evil Influencer: The Jodi Hildebrandt Story,Feature Films (70+ min),101,"Documentary, Crime",Skye Borgman,,https://www.imdb.com/title/tt39049795/,https://www.themoviedb.org/movie/1591516,"Unravel the case of Utah therapist Jodi Hildebrandt, whose child abuse arrest with parenting YouTuber Ruby Franke exposed a twisted tale of manipulati"
Exhaustion Lines,Feature Films (70+ min),79,Comedy,Parker Salenfriend,,https://www.imdb.com/title/tt37354276/,https://www.themoviedb.org/movie/1522229,"After narrowly avoiding a car crash, a sleep deprived drifter decides to find a place to get some shuteye. But when he finds every hotel is booked, ov"
Fight to the death,Feature Films (70+ min),98,"Drama, Action",,,,https://www.themoviedb.org/movie/1595615,"During the 1939 Battle of Fanchang, Zhu Zhen, a platoon leader of the New Fourth Army, led his unit in escorting journalist Lu Ying, who carried evide"
Fool Time,Feature Films (70+ min),231,"History, Documentary",Jon Bois,,https://www.imdb.com/title/tt38779614/,https://www.themoviedb.org/movie/1606489,"Throughout humankind’s journey, we’ve often been led forward, or backward, by Tims and Als. Tim “The Tool Man” Taylor, the face of the beloved 1990s s"
Fun & Games,Feature Films (70+ min),96,"Comedy, Action, Animation",Tim Toohey,,,https://www.themoviedb.org/movie/1602019,"John builds a criminal empire in the strange and absurd world of GTA Online with the help of his friends, but their time of carefree chaos won't last "
Gifts of Disposition,Feature Films (70+ min),78,Drama,Zach Flanary,https://lynardschurr.com,https://www.imdb.com/title/tt14676234/,https://www.themoviedb.org/movie/1589401,"George, a heroin-addicted chess hustler who sleeps in the park outside of the Section 8 housing where 12-year-old Vivienne lives, helps her prepare fo"
goodlads,Feature Films (70+ min),120,"Crime, Comedy",Joel Murphy,,,https://www.themoviedb.org/movie/1564355,untitled film directed by joel murphy
Hag,Feature Films (70+ min),100,"Horror, Thriller, Drama",Sam Wineman,https://tubitv.com/movies/100046317/hag,https://www.imdb.com/title/tt38704743/,https://www.themoviedb.org/movie/1592985,"After a decade apart, Rowan rents his spare room to Mag - a self-proclaimed ""hag""- whose obsession with him grows into a life-or-death showdown."
Harter Brocken: Die Erpressung,Feature Films (70+ min),89,Crime,Hanno Olderdissen,,https://www.imdb.com/title/tt32402046/,https://www.themoviedb.org/movie/1603406,
Herman,Feature Films (70+ min),83,"Horror, Thriller",Andrew Vogel,,,https://www.themoviedb.org/movie/1586941,"Haunted by a dark force, a mountain recluse confronts late-night visitors who threaten his sanity and awaken his past."
High Water,Feature Films (70+ min),85,Thriller,Ewan Gorman,,https://www.imdb.com/title/tt8112638/,https://www.themoviedb.org/movie/1588727,"In an attempt to discover the truth about the mysterious death of his son, Journalist Vince Sand descends into a dangerous netherworld of drug-abuse a"
I Am That,Feature Films (70+ min),82,Drama,Jules Mathieson,,,https://www.themoviedb.org/movie/1605975,Some various goings-on in the city of Melbourne while world events rage somewhere far away.
I Swiped the Wrong One,Feature Films (70+ min),92,"Romance, Comedy",Laura Irene Young,https://bsky.app/profile/iswipedthewrongone.bsky.social,https://www.imdb.com/title/tt35376053/,https://www.themoviedb.org/movie/1416636,"A typical rom-com with an atypical rom-com ending, I Swiped the Wrong One is the story of four thirtysomethings who attempt to navigate the world of 2"
Ifigenia in Aulide,Feature Films (70+ min),203,Music,Anna Fernández,https://operavision.eu/performance/ifigenia-aulide,,https://www.themoviedb.org/movie/1596953,"The Greek army is gathered at Aulis, ready to sail for Troy, but the winds fail. The seer Calchas reveals that the goddess Artemis is angry and demand"
Interview with Júlio,Feature Films (70+ min),70,Documentary,Lucas Pelaes,,,https://www.themoviedb.org/movie/1059072,"An excerpt about the troubled, passionate and intriguing relationship of an actor with his own life."
It All Comes with the Cold Water,Feature Films (70+ min),88,,Coz Greenop,,https://www.imdb.com/title/tt26622746/,https://www.themoviedb.org/movie/1598709,"When a young couple finds their love tested to the limits and whispers of infidelity grow louder, their delicate balance between love and career begin"
Jamie Cullum: The Pianoman at Christmas,Feature Films (70+ min),121,Music,Steven Vinacour,,,https://www.themoviedb.org/movie/1595809,Jamie Cullum returns to the Royal Albert Hall to play his festive perennial record “The Pianoman at Christmas.” Joined on stage by the big band includ
Jamiroquai Live From The O2 Arena,Feature Films (70+ min),159,,,https://lounges.tv/video/details/FmlxVmYBLp,,https://www.themoviedb.org/movie/1598927,"Enjoy this exceptional Jamiroquai performance, recorded live at The O2 Arena in London on December 14, 2025. A memorable show featuring classic hits a"
Justiție capturată,Feature Films (70+ min),120,Documentary,Andreea Pocotilă,https://recorder.ro/documentar-recorder-justitie-capturata/,,https://www.themoviedb.org/movie/1596783,"After several years in which Justice has almost completely disappeared from the public agenda, Romanian society has woken up to a difficult reality, i"
K.G.N,Feature Films (70+ min),130,Drama,,,https://www.imdb.com/title/tt37792342/,https://www.themoviedb.org/movie/1601826,"In British-ruled India, two brothers, one a law-abiding police officer, the other a fiery revolutionary - are torn apart by betrayal and injustice, bu"
Kapag Tumayo Ang Testigo,Feature Films (70+ min),82,Comedy,J.R. Reyes,,https://www.imdb.com/title/tt39018764/,https://www.themoviedb.org/movie/1588835,"Catch the sexy Divine Villareal, Audrey Avila, and Reina Castillo, joined by fresh faces Rhea Montemayor and Chelsea Ylore, as they ignite this daring"
KCW: Fight of the Living Dead,Feature Films (70+ min),138,Documentary,Daniel Fletcher,https://independentwrestling.tv/promotion/kumite-combat-wrestling,,https://www.themoviedb.org/movie/1596380,KCW Deathwolf faces The Usurper Antonio Gonzalez in a best of three falls Deathmatch
Kei to the City 2,Feature Films (70+ min),92,Documentary,,,,https://www.themoviedb.org/movie/1603673,"After buying a car from the Japanese auctions, Marty & Moog arrive in Japan to pick it up... but it's not what they were expecting."
Kirsten van Teijn: Club Queersten,Feature Films (70+ min),80,Music,Pim Brassien,,,https://www.themoviedb.org/movie/1602931,"Registration of the theatre show, hosted by Kirsten van Teijn. A celebration of queer culture. With the House of Bodega, the Space Choir, Thorn de Vri"
KULTMANIA 2025,Feature Films (70+ min),102,Music,,,,https://www.themoviedb.org/movie/1605565,DON'T TRY THIS AT HOME.
Lisa Ostermann: Makkelijk in de omgang,Feature Films (70+ min),85,Comedy,Margôt Ros,,,https://www.themoviedb.org/movie/1602929,Registration of the second theatre program by the Dutch comedian Lisa Ostermann.
Looking For Love,Feature Films (70+ min),82,"Comedy, Crime",Oliver Walker,,,https://www.themoviedb.org/movie/1471545,"Told through someone’s laptop screen, Richie Clark quickly descends into madness after he’s rejected by a girl and her friends at a party."
Love & Ultraviolence,Feature Films (70+ min),73,Documentary,Samir Modi,,https://www.imdb.com/title/tt39241494/,https://www.themoviedb.org/movie/1600222,"Deathmatch wrestlers, Isaac and Jack share an unusual relationship in the ring. A sport in which Isaac strives to cement his legacy among a new genera"
Making a Killing,Feature Films (70+ min),81,Documentary,Tim Thielmann,https://makingakilling.ca/,https://www.imdb.com/title/tt39147710/,https://www.themoviedb.org/movie/1593427,"OneBC Caucus is proud to present Making a Killing: Reconciliation, Genocide, and Plunder in Canada. Making a Killing is a feature documentary film exp"
Marriage in the Making,Feature Films (70+ min),116,"Comedy, Documentary",Davide Cipolat,https://www.youtube.com/watch?v=vAD6-qMKXP0,,https://www.themoviedb.org/movie/1600880,"A documentary investigation into an absurd case: a voided marriage, a rock star, a supermarket trolley driver, and a dwarf in the woods."
Meglio stasera! Quasi one man show,Feature Films (70+ min),139,"Comedy, Music",Cristiano D'Alisera,,,https://www.themoviedb.org/movie/1605008,
Micha Wertheim: Nergens Anders,Feature Films (70+ min),95,Comedy,Gijsbert van der Wal,,,https://www.themoviedb.org/movie/1599251,Registration of the fourth installment in the quadriptych by the Dutch comedian Micha Wertheim.
MSG II,Feature Films (70+ min),111,"Music, Documentary",,,,https://www.themoviedb.org/movie/1597016,Vulfpeck return to play Madison Square Garden after a six year break - sold out.
Naeranbuin,Feature Films (70+ min),72,"Drama, Thriller",JAY,,,https://www.themoviedb.org/movie/1589610,"Former anchor Kim Hwa-jeong witnesses the secret betrayal of her seemingly perfect political newcomer husband, Kang Moon-ho. Elegant on the surface bu"
National Theatre at Home: The Land of the Living,Feature Films (70+ min),149,,,https://www.nationaltheatre.org.uk/productions/the-land-of-the-living/,,https://www.themoviedb.org/movie/1604106,"‘All my life – all your life – I’ve struggled with this: was what I did “wrong”?’  Germany, 1945. Thomas, one of thousands of children stolen by the N"
Never Alone for Christmas: Memphis,Feature Films (70+ min),97,"Romance, Drama, Music",Kenny Young,,https://www.imdb.com/title/tt37708098/,https://www.themoviedb.org/movie/1574379,Two Memphis women with big hearts — a dating coach and a once-great Beale Street blues singer — find themselves unexpectedly alone for Christmas. Dete
NEXT UP,Feature Films (70+ min),72,"Documentary, Comedy",Ben Pritchard,,,https://www.themoviedb.org/movie/1579054,"Two young documentary filmmakers follow an up and coming musician by the name of JØHN through his life, creative process, and journey towards becoming"
O Bosque dos Sonâmbulos no Teatro Viradalata,Feature Films (70+ min),101,Music,Matheus Marchetti,,,https://www.themoviedb.org/movie/1594206,"Live performance of the stage musical, based on the short film ""Garden of the Sleepwalkers"", performed at the Teatro Viradalata in São Paulo. Two youn"
Pandora: Fire and Ice,Feature Films (70+ min),90,"Science Fiction, Action, Adventure",Canyon Prince,http://www.theasylum.cc,https://www.imdb.com/title/tt37693714/,https://www.themoviedb.org/movie/1591822,"Decades after humanity's first contact with Pandora, a new expedition returns to harvest what's left of the planet's resources-only to discover that t"
Pennsylvania Movie,Feature Films (70+ min),85,"Drama, Thriller",Michael DiMonte,,,https://www.themoviedb.org/movie/1525145,"At the onset of the COVID-19 lockdown, a man retreats to his family’s Pennsylvania vacation home, where he rediscovers his old filmmaking gear and set"
Pixels to Pages - The Story of Electronic Gaming Monthly,Feature Films (70+ min),76,"Documentary, History",Coury Carlson,https://www.youtube.com/watch?v=E010OPY1Tzw,https://www.imdb.com/title/tt39128789/,https://www.themoviedb.org/movie/1595162,Electronic Gaming Monthly (EGM) was a videogame magazine that started in 1989 and lasted (sporadically) until summer of 2014. This feature documentary
Predestined,Feature Films (70+ min),70,"Thriller, Horror",Vinícius Veloso,,,https://www.themoviedb.org/movie/1604118,A desperate young man starts selling peanut brittle on the streets to survive.  He then embarks on a transhumanist journey to try to get rich. A postm
Presentable Liberty,Feature Films (70+ min),93,"Drama, Thriller",Coleton Browning,https://www.youtube.com/@ColetonBrowning,,https://www.themoviedb.org/movie/1590915,"A prisoner is locked away in a lonely cell as part of a state-of-the-art program for prisoners all over the nation, operated by the notorious Doctor M"
Return to Death Park,Feature Films (70+ min),74,,Ken Brewer,,https://www.imdb.com/title/tt22795252/,https://www.themoviedb.org/movie/1603781,"The Death Park Killer's body vanishes from the morgue, sparking new murders. Chloe leads bounty hunters after the $50k reward, while survivors Hunter,"
Richelle's World Tour,Feature Films (70+ min),82,,Richelle,,,https://www.themoviedb.org/movie/1476322,"After a scary diagnosis, Richelle decided it was time to see the world - as well as her online friends - before it's too late."
Rosie Jones: Triple Threat,Feature Films (70+ min),73,,Stuart Laws,,,https://www.themoviedb.org/movie/1595059,"Triple Threat is the first ever stand-up special from the people's princess Rosie Jones.  Filmed at Brighton Theatre Royal, this hilarious show sees R"
Rotting Christ - 35 Years of Evil Existence - Live in Lycabettus,Feature Films (70+ min),117,Music,Yiannis Margetousakis,,,https://www.themoviedb.org/movie/1464063,"Captured in the open-air majesty of Athens’ Lycabettus Hill Theater, the nearly two-hour set stands as both a career retrospective and a fierce declar"
Rundfunk: Schau,Feature Films (70+ min),89,Comedy,Peter van de Witte,,,https://www.themoviedb.org/movie/1602937,Registration of the theatre program by the Dutch comedy duo Rundfunk.
Ruud Smulders: Rudiversum,Feature Films (70+ min),80,Comedy,Laurens Krispijn de Boer,,,https://www.themoviedb.org/movie/1606123,Registration of the theatre program by the Dutch comedian Ruud Smulders.
Samadhi Part 4: Sadhana,Feature Films (70+ min),130,Documentary,Daniel Schmidt,https://awakentheworld.com/film/samadhi-movie-part-4-sadhana/,,https://www.themoviedb.org/movie/1606442,"“Sadhana” is an ancient Sanskrit word which points to the practices that lead to the awakening of your true nature, and beyond awakening, to liberatio"
Saving Buddy Charles,Feature Films (70+ min),90,"Comedy, Drama, Adventure",Grace Wethor,https://www.savingbuddycharles.com/,https://www.imdb.com/title/tt33299234/,https://www.themoviedb.org/movie/1469902,"As best friends Clara and Sydney prepare to part ways for college, they embark on a cross-country journey to rescue Sydney’s pet lizard from her ex-bo"
Scenes from a Situationship,Feature Films (70+ min),87,"Romance, Drama",Vaibhav Munjal,,https://www.imdb.com/title/tt39222166/,https://www.themoviedb.org/movie/1600087,"A contemporary couple drift through a situationship where intimacy comes easily but commitment is endlessly postponed, revealing how modern love survi"
Scotty James: Pipe Dream,Feature Films (70+ min),93,Documentary,Patrick Dimon,https://www.netflix.com/title/82184420,https://www.imdb.com/title/tt39228733/,https://www.themoviedb.org/movie/1600769,"Intimate interviews and home footage recount Scotty James' journey of ambition, resilience and triumph, from his childhood dreams to Olympic gold."
Secret Door,Feature Films (70+ min),74,Romance,Lee Dong-hyun,,,https://www.themoviedb.org/movie/1589611,
Sitaaron Ke Sitaare,Feature Films (70+ min),98,Documentary,Shaanib Bakshi,,,https://www.themoviedb.org/movie/1604247,Sitaaron ke Sitaare follows the extraordinary journeys of parents raising children on the spectrum. The film traces the parents' lives from the earlie
Slipknot - Live at Resurrection Fest EG 2025,Feature Films (70+ min),90,Music,,,,https://www.themoviedb.org/movie/1600977,1. (sic); 2. People = Shit; 3. Gematria (The Killing Name); 4. Wait and Bleed; 5. Nero Forte; 6. Yen; 7. Psychosocial; 8. Tattered & Torn (Sid remix);
Supa Eleph,Feature Films (70+ min),97,"Animation, Comedy, Action, Drama, Family, Science Fiction",Clenny Kwok,,,https://www.themoviedb.org/movie/1481903,"Supa Eleph goes home to see his mother, while Mr Evil tries to kill him."
The Alex Leyba Movie II,Feature Films (70+ min),171,"Drama, Comedy, Documentary",Alex Leyba,,,https://www.themoviedb.org/movie/1585418,"Alex Leyba, a passionate but struggling young filmmaker, finds himself homeless and trying to reconcile with old friends who are frustrated with his e"
The Black Gold,Feature Films (70+ min),270,"Western, History, Drama, TV Movie",Nina Wolfrum,,,https://www.themoviedb.org/movie/1603237,Young farmer’s daughter Johanna Lambert works as a maid to support her struggling family. No one suspects that a hidden treasure lies beneath the Lamb
The Christmas King!,Feature Films (70+ min),78,,Butch Hartman,,https://www.imdb.com/title/tt37984087/,https://www.themoviedb.org/movie/1596971,Join Lenny the Lion & Lucy the Lamb as they attempt to protect the first snowflake of Christmas and deliver it to the Christmas King! But since he liv
The Christmas Princess Switch,Feature Films (70+ min),75,Family,Charles Solly,,https://www.imdb.com/title/tt36823504/,https://www.themoviedb.org/movie/1563903,"Hannah, a waitress in a small U.K. town, is stunned when a royal security team mistakes her for Crown Princess Helena of Camalonia. The real Helena di"
The Curse of Modigliani,Feature Films (70+ min),102,Drama,Diana Ringo,https://www.modigliani-themovie.com/,https://www.imdb.com/title/tt35886262/,https://www.themoviedb.org/movie/1438424,An American artist in Helsinki discovers an antique diary that belonged to the legendary painter Amedeo Modigliani - unravelling a haunting spiral of 
The Edge of Existence,Feature Films (70+ min),87,Documentary,Aaron Wheeler,https://theedgeofexistence.co.uk/,https://www.imdb.com/title/tt31867299/,https://www.themoviedb.org/movie/1380633,"Electronics lecturer, Cam Cameron, attempts to survive on the UK's most remote island, Rockall, for a record 50 days to prove his strength to himself "
The Great Shamsuddin Family,Feature Films (70+ min),97,"Comedy, Drama, Family",Anusha Rizvi,,https://www.imdb.com/title/tt7944312/,https://www.themoviedb.org/movie/1591399,"Set over one day in Delhi, Bani, a writer, is racing against a career-defining 12-hour deadline. Mothers, aunts, cousins and former romantic interests"
The Jinkx and DeLa Holiday Show 2025,Feature Films (70+ min),145,,BenDeLaCreme,https://livestream.jinkxanddela.com,,https://www.themoviedb.org/movie/1600346,"Over eight spectacular years, these award-winning queens have delivered unapologetically extravagant camp, belly-aching comedy, original numbers, and "
The Last Resort,Feature Films (70+ min),81,"Romance, Mystery, Thriller",Christian Paolo Lat,,https://www.imdb.com/title/tt39045361/,https://www.themoviedb.org/movie/1587839,"At a beach resort, a housekeeper hides a deadly secret—she kills predatory men and keeps their wedding rings as trophies. When a charming guest witnes"
The Makropulos Case,Feature Films (70+ min),112,Music,Peter Stein,,,https://www.themoviedb.org/movie/1594352,At the heart of Věc Makropulos is a recipe for a life-prolonging elixir invented by the doctor Hieronymus Makropulos for Emperor Rudolf II.  It was te
The Man with No Return,Feature Films (70+ min),85,"Drama, Crime, Action",黄浩忠,,,https://www.themoviedb.org/movie/1604166,
The Middle,Feature Films (70+ min),74,Documentary,ReyGGTV,,,https://www.themoviedb.org/movie/1579992,"The next 3 tiers of the iceberg, it only gets deeper from here."
The Morter - Termination Point,Feature Films (70+ min),75,"Crime, Animation, Action, Horror, Thriller, TV Movie, War",,https://www.youtube.com/watch?v=EI3LBXynpzI,,https://www.themoviedb.org/movie/1590286,"In Manhattan, New York, an ordinary British man named Geraint Whitmore — known by many as Kinney, The Morter, or The Terminator — finds his life destr"
The Path of Titans Movie 3 - WAR FOR GONDWA,Feature Films (70+ min),92,"Action, Adventure, Animation, Family",Rocco Romano,https://www.youtube.com/watch?v=hCYNg9voxlM,,https://www.themoviedb.org/movie/1597057,"The Guardians of Gondwa must restore balance to their home before it's too late. In this grand conclusion to the trilogy, will unification or extincti"
The Queens: Quest for the Crown,Feature Films (70+ min),95,Documentary,Mark Saxenmeyer,,https://www.imdb.com/title/tt37976107/,https://www.themoviedb.org/movie/1591331,"A ""Miss America"" for female impersonators and transgender women, the famous Miss Continental beauty pageant draws hundreds of contestants and entertai"
The Salt Path Scandal,Feature Films (70+ min),74,Documentary,Josephine Besbrode,https://www.sky.com/watch/programme/be0a156e-6201-46cb-8132-ab817e467b2e,,https://www.themoviedb.org/movie/1599981,"Follow journalist Chloe Hadjimatheou as a tip sparks a probing look into Raynor Winn's beloved memoir, uncovering claims and evidence that challenge T"
The Sixth Robber,Feature Films (70+ min),106,"Action, Crime",Chris Huo,,https://www.imdb.com/title/tt33310793/,https://www.themoviedb.org/movie/1591287,"A suspect in a massive armored car heist, who initially evades arrest, is ultimately caught when his hidden criminal intent blossoms and is discovered"
The Vindicator,Feature Films (70+ min),89,"Horror, Thriller",Luca Patruno,,https://www.imdb.com/title/tt20189700/,https://www.themoviedb.org/movie/1591893,"A serial killer disrupts a live streaming true crime podcast and challenges the hosts to nightmarish tasks, that expose their darkest transgressions, "
Through the Lines,Feature Films (70+ min),76,"Adventure, Drama",Miles Jasmin,,,https://www.themoviedb.org/movie/1591996,"The film follows two wanderers over the course of an entire day, moving through different spaces and occupying their leisure."
Thunderbolt Rescue,Feature Films (70+ min),74,Action,Hou Jue,,,https://www.themoviedb.org/movie/1603017,"Retired special forces soldier Cheng Kai infiltrates the terrorist-held Talin stronghold searching for his missing wife, a medical worker, and with cr"
Titanium Daydream: The Movie,Feature Films (70+ min),70,,Ben Crouse,https://www.titaniumdaydream.net/,,https://www.themoviedb.org/movie/1597644,"After traveling the world, Benjamin Jacobs is called back to his hometown in Iowa following a series of twisted visions he calls daydreams..."
TNA Final Resolution 2025,Feature Films (70+ min),188,,,https://watch.tnawrestling.com/video/893311,,https://www.themoviedb.org/movie/1584842,"TNA Final Resolution 2025 was held on December 5 at the El Paso County Coliseum in El Paso, Texas, and featured multiple championship matches, includi"
Trajados,Feature Films (70+ min),90,Documentary,João Pedro Gonçalves,,,https://www.themoviedb.org/movie/1389069,"A documentary that explores how queer fashion, often born on the streets and in underground niches, has become a viral phenomenon on social media, sha"
Trancers: The Whole Dethly Affair,Feature Films (70+ min),135,"Adventure, Action, Science Fiction",,,https://www.imdb.com/title/tt39281768/,https://www.themoviedb.org/movie/1604863,"Get ready for the ultimate ""Trancers"" experience with this newly re-edited ""master cut"" of Trancers 4 and Trancers 5, remixed into one mega movie! Whe"
TV4:s nyårskarameller 2025,Feature Films (70+ min),87,Documentary,,https://www.tv4play.se/program/a0c637cf0eac8250eaf4/tv4-s-nyarskarameller-2025,,https://www.themoviedb.org/movie/1605982,A star-studded evening from Berns in Stockholm awaits. Tilde de Paula Eby welcomes us and offers an evening of goodies from the year as well as throwb
Uduppu,Feature Films (70+ min),109,Drama,Anil Mukhathala,,https://www.imdb.com/title/tt15516764/,https://www.themoviedb.org/movie/1594923,Uduppu follows the emotional and turbulent journey of a young woman whose life takes unexpected turns after marriage.
Veling,Feature Films (70+ min),86,,Hu An Tan,https://www.youtube.com/@huantan787/videos,,https://www.themoviedb.org/movie/1602407,"Game, Story and Mediation.  Gaspard arrives in the city and notices all sorts of strange things happening. Will he unravel the big mystery?"
VMX Rewind: The Best Of VMX 2025,Feature Films (70+ min),76,Documentary,Carby Salvador,,https://www.imdb.com/title/tt39089019/,https://www.themoviedb.org/movie/1588842,"As we wrap up the year, the sultry Zsara Laxamana takes us through a sizzling lookback at 2025’s hottest movies. Stick around to see if your favorites"
We Bury the Dead,Feature Films (70+ min),95,"Horror, Thriller",Zak Hilditch,https://www.umbrellaent.com.au/film/we-bury-the-dead,https://www.imdb.com/title/tt29713093/,https://www.themoviedb.org/movie/1198984,"After a catastrophic military disaster, the dead don't just rise - they hunt. Ava searches for her missing husband, but what she finds is far more ter"
Where Love Lives,Feature Films (70+ min),146,"Drama, Romance, Comedy",Great Valentine Edochie,https://www.youtube.com/watch?v=we7pr8gDCn8,,https://www.themoviedb.org/movie/1604635,"Demilade is ecstatic to find out her husband has purchased her a luxurious home, but things get complicated when she starts interacting with her neigh"
Wired,Feature Films (70+ min),102,"Drama, Thriller, Mystery",Jonathan Widdup,,,https://www.themoviedb.org/movie/1528374,"Bruce, A young man with a rare condition where his hand has a mind of its own, struggles to get through his life after the unthinkable. His condition "
Yalla Habibi!,Feature Films (70+ min),90,Documentary,Edwin El Bainou,https://fortnine1.vhx.tv/,https://www.imdb.com/title/tt39119104/,https://www.themoviedb.org/movie/1593709,FortNine attempts to break the circumnavigation world record with award-winning filmmaker Edwin El Bainou riding pillion. It's a dangerously silly rac
ZAAD,Feature Films (70+ min),77,Documentary,Dries Meddens,https://www.adirector.eu/film-zaad,,https://www.themoviedb.org/movie/1407936,"ZAAD tells the autobiographical story of Dries Meddens. After the death of his mother, the care for Dries' bipolar father falls on his plate. He disco"
Zoe Lyons: Werewolf,Feature Films (70+ min),73,Comedy,Tom Brandt,https://zoelyons.co.uk/news/,,https://www.themoviedb.org/movie/1594166,"If life is a journey, Zoe’s has had more than its share of potholes and diversions: from diving with sharks, to sitting in a shed in Vietnam with a fo"
Невероятные приключения Шурика,Feature Films (70+ min),120,Comedy,Roman Kim,,https://www.imdb.com/title/tt37542887/,https://www.themoviedb.org/movie/1533843,"Shurik, like Forrest Gump, will tell the amazing story of his love, traveling through legendary Soviet films and modern memes. He will be helped by Ch"
2CRUNK,Medium (30-69 min),44,"Comedy, Adventure, Family",Josh Hudis,,,https://www.themoviedb.org/movie/1594290,"Two completely opposite best friends, Zoe and Tuesday, have made it to senior year. What should be the greatest night of their high school lives erupt"
A Meeting of Fools,Medium (30-69 min),44,"Comedy, Animation, Fantasy, Adventure, Science Fiction",James Michaels,https://ameetingoffools.neocities.org/,,https://www.themoviedb.org/movie/1588461,"A Meeting of Fools is a surreal Christmas movie that toes the line between inane and brilliant.  Jack Woodford stars as Christmas Guy, a grumpy tv add"
A Special Christmastime: A Special Christmas Special,Medium (30-69 min),33,"Family, Comedy",Harley Storie,,,https://www.themoviedb.org/movie/1603757,"A group of friends reunites for a Christmas party full of music, crafts, memories, and surprises! But will everyone make it before the big winter stor"
A Very Benji Christmas,Medium (30-69 min),38,"Animation, Comedy, Action, Crime, Thriller, Adventure, Fantasy, Science Fiction",triangle5820,,,https://www.themoviedb.org/movie/1598050,"Benji and Dr Banana both attempt to 1-up each other by doing wild things, and they both get caught up in competition and forget what Christmas really "
Advance Base Christmas Special,Medium (30-69 min),58,"Music, Documentary",,,,https://www.themoviedb.org/movie/1603655,Advance Base Christmas Special 2025
All Of Human History In One Hour,Medium (30-69 min),64,"Animation, Documentary",Philipp Dettmer,,,https://www.themoviedb.org/movie/1593775,"Modern humans have been around for about 200,000 years. With Earth being 4.5 billion years old, this might seem like only a small speck of time, yet o"
Amanda,Medium (30-69 min),30,"Crime, Thriller",Anirudh Menon,,,https://www.themoviedb.org/movie/1579533,"AMANDA is an upcoming crime-thriller short film about a meeting of those with vested interests with an unstoppable, silent presence on their rise to p"
Anatta,Medium (30-69 min),67,"Drama, Comedy",Ewen Munro,https://ewenmunro.com/anatta,,https://www.themoviedb.org/movie/1591211,"A young actor plays a rude, obnoxious, know-it-all in a film who, after losing her job, sets out to 'teach the world a lesson.'"
Ania Magliano: I Can't Believe You've Done This,Medium (30-69 min),65,Comedy,Peter Orton,,,https://www.themoviedb.org/movie/1603032,"Comedian and writer Ania Magliano performs her 2022 stand-up show about the worst haircut of her life, recorded at the Royal Court Theatre in London."
Belived,Medium (30-69 min),60,Drama,Jeong Do-yeong,,,https://www.themoviedb.org/movie/1592770,
Beneath the Shadows,Medium (30-69 min),37,"Thriller, Mystery, Drama",8B Pawitikra Student (73'),,,https://www.themoviedb.org/movie/1591339,"A group of eighth-grade students find themselves trapped in a surreal version of their classroom, where their favorite Mafia game comes to life. Force"
Bosnia y Herzegovina: 30 años de una paz frustrada,Medium (30-69 min),60,Documentary,Alona Malakhaeva,,,https://www.themoviedb.org/movie/1597749,Documentary on the end of the war between Bosnia-Herzegovina. Available on El Salto's YouTube channel.
Britain's Gaza Spy Flight Scandal,Medium (30-69 min),35,Documentary,Phil Miller,,,https://www.themoviedb.org/movie/1597932,"Declassified presents the first documentary about Britain's complicity in the Gaza genocide, exposing Keir Starmer's shady spy flight missions for Isr"
Brother Bereaved,Medium (30-69 min),36,Drama,Ben Lister,,,https://www.themoviedb.org/movie/1593972,"A teacher struggles to navigate life through her unprocessed trauma of her lost brother, and when a new showcase pulls her story into the spotlight, h"
Báthory,Medium (30-69 min),60,,Carlos Atanes,,,https://www.themoviedb.org/movie/1591624,"A ghostly journey guided by the voice of Erzsébet Báthory, the infamous Blood Countess of Transylvania.  At the beginning of the 17th century, Countes"
Charlie Berens: Neighborly,Medium (30-69 min),63,Comedy,,,,https://www.themoviedb.org/movie/1591637,"Comedian and NY Times best-selling author, Charlie Berens, brings his brand of Midwest Nice to a new hour full of stories about growing up one of 12 c"
Cheetahs Up Close with Bertie Gregory,Medium (30-69 min),45,Documentary,Jigar Ganatra,https://www.disneyplus.com/browse/entity-3f7006ca-994a-4e24-92b9-8c4c5e0eb494,,https://www.themoviedb.org/movie/1601082,Bertie arrives in the Serengeti as the spectacular wildebeest migration kicks off. He’s here to film the fastest land animal on Earth: the cheetah. As
Childhood in Art,Medium (30-69 min),53,Documentary,Nicola Graef,https://www.arte.tv/en/videos/122204-000-A/childhood-in-art/,https://www.imdb.com/title/tt39177903/,https://www.themoviedb.org/movie/1598816,"How have the changing views on children been reflected in their representation in art? From Baby Jesus to the first photographic portraits, an explora"
Christmas in Vienna 2025,Medium (30-69 min),61,Music,Felix Breisach,https://www.arte.tv/en/videos/127043-000-A/christmas-in-vienna-2025/,,https://www.themoviedb.org/movie/1603836,"At the Vienna Konzerthaus, the magical Christmas gala brings together Julie Fuchs and Ludovic Tézier to perform traditional carols. The programme incl"
Cody Clarke: Marie,Medium (30-69 min),46,Comedy,Cody Clarke,,https://www.imdb.com/title/tt39181904/,https://www.themoviedb.org/movie/1598505,Cody Clarke writes and performs a standup comedy special for a complete stranger.
Confessions with Jeff Brown,Medium (30-69 min),30,TV Movie,Mike Barry,https://confessionswithjb.com/,,https://www.themoviedb.org/movie/1555479,Confessions with Jeff Brown is a compelling television show where guests are allowed to share their personal stories and secrets. Guests on the show h
CORDS,Medium (30-69 min),33,Drama,Jack Keller,,,https://www.themoviedb.org/movie/1600946,"A girl, dedicated to claiming a solo of a lifetime, falls down a dark path of obsession and overcommitment."
Dancing With the Stars: Dancing With the Holidays,Medium (30-69 min),42,TV Movie,,,https://www.imdb.com/title/tt38869207/,https://www.themoviedb.org/movie/1592110,"Celebrating the holiday season with festive-themed routines, dazzling musical performances and special holiday greetings."
Destination,Medium (30-69 min),55,"Science Fiction, Thriller, Crime",Frederik Johnsson,,,https://www.themoviedb.org/movie/1232769,"Fueled by his obsession with the past, Frank instigates a manhunt to find his former henchman Rob."
DOUGLAS LIM: MADE IN MALAYSIA,Medium (30-69 min),63,Comedy,,https://www.douglaslim.com/2025/12/douglas-lim-made-in-malaysia-premieres.html,,https://www.themoviedb.org/movie/1598579,"Kuala Lumpur, 14 December 2025 – Ready for a good roast? There’s nothing Malaysians love more than local humour and there’s no one who can do it bette"
Everything Hurts,Medium (30-69 min),33,"Horror, Drama",Kamran Gomez,,,https://www.themoviedb.org/movie/1594900,A dysfunctional group of friends find their lives upturned when they become immersed in a computer simulation of their recently deceased friend.
Fall Dies,Medium (30-69 min),44,"Comedy, Horror, Mystery",Declan Sennott,,,https://www.themoviedb.org/movie/1573153,"In the second installment of Sennott’s yearly releases of the Inflatable Christmas Slasher series, a mayoral candidate stuck in a media dilemma and a "
FULL PUSH,Medium (30-69 min),60,Documentary,Alex Langley,https://rashidroyalracing.com/,,https://www.themoviedb.org/movie/1606110,"Shawn Rashid takes on New Zealand’s prestigious Formula Regional Oceania Championship in a challenge that tests not only his skills as a driver, but h"
GG,Medium (30-69 min),34,Documentary,Park Yun-jin,,,https://www.themoviedb.org/movie/1592728,
Guillermo del Toro Behind the Scenes of Frankenstein with Oscar Isaac & Jacob Elordi,Medium (30-69 min),45,Documentary,,,,https://www.themoviedb.org/movie/1591880,"Guillermo del Toro takes us behind the scenes of the making of Frankenstein with actors Oscar Isaac, Jacob Elordi, and Mia Goth and longtime collabora"
Hayok,Medium (30-69 min),53,Drama,Sigrid Polon,,https://www.imdb.com/title/tt39215100/,https://www.themoviedb.org/movie/1604067,"Grieving the tragic death of his first love, a young man retreats to a secluded cabin in the mountains -- only to find an enigmatic woman hiding there"
Hills & Roots,Medium (30-69 min),65,"Drama, History",Diego Kunke,,,https://www.themoviedb.org/movie/1560084,"After being threatened with losing his job, a New York journalist travels to Piedmont, California—only to uncover that the quiet little town hides far"
Hoodie,Medium (30-69 min),45,"Drama, Romance",Jacob Rohrbach,http://www.YouTube.com/DarkFireProductions,https://www.imdb.com/title/tt10514104/,https://www.themoviedb.org/movie/1338636,Three friends go for a night on the town in order to help their friend get over what seemed to be the perfect relationship.
How to Round 50 Ascension (Black Ops 3),Medium (30-69 min),33,Comedy,Max Alexander,,,https://www.themoviedb.org/movie/1594767,"A decade-spanning story that follows two YouTubers, ""Psychic Crack"" and ""The Lure,"" as they attempt to make a series of tutorials for their favorite v"
Immer noch wach,Medium (30-69 min),65,Comedy,Thomas Spitzer,https://hazelbrugger.com/,https://www.imdb.com/title/tt38974602/,https://www.themoviedb.org/movie/1603060,The latest stand-up special by Swiss-German comedian Hazel Brugger.
In Darkness,Medium (30-69 min),49,,Evan Jacobs,,,https://www.themoviedb.org/movie/1604656,"After being injured alone in his garage, a man is left trapped, disoriented, and unable to see. He only needs to move about 15 feet but he’s hurt, he’"
Ineffable,Medium (30-69 min),33,Animation,Pedro Almeida,,,https://www.themoviedb.org/movie/1429842,"Before time, before the world, there were only two—one made of fire, the other of ice. Lost in the void, they were never meant to meet, until the wind"
It's a Dented Life!,Medium (30-69 min),48,"Drama, Comedy",Andy Warski,https://kick.com/kinocasinogaming,,https://www.themoviedb.org/movie/1593882,"A parody short film of It's a Wonderful Life centered on the infamous streaming personality, DarkSydePhil. It explores how one childhood disappointmen"
Jezus Vijf WTF Halloween Special 2025,Medium (30-69 min),38,,jezusvijf,,,https://www.themoviedb.org/movie/1599656,welcome to the jezus vijf wtf halloween special 2025
Jireh Gospel: Hearts in Chorus,Medium (30-69 min),45,"Documentary, Music",Wylem Decaille,https://www.nfb.ca/film/jireh-gospel-english-version/,,https://www.themoviedb.org/movie/1591765,"Jireh Gospel: Hearts in Chorus is an intimate and uplifting portrait of Montreal’s celebrated choir. Directed by Wylem Decaille, the film follows the "
Josh Weller - Live at The Bill Murray,Medium (30-69 min),37,Comedy,Andy Haynes,https://www.youtube.com/watch?v=BLCzScqApcU,https://www.imdb.com/title/tt39182579/,https://www.themoviedb.org/movie/1598653,"Comedian and failed musician Josh Weller's debut stand-up comedy special.Weller muses on 2000’s R&B, aging, Taylor Swift, loop pedals, the 90’s, cruci"
Kael Ryven: Between Wing and Wyrm,Medium (30-69 min),55,"Action, Adventure, Fantasy",ChattyDaddy,https://www.youtube.com/watch?v=b65LzaFusCo&t=1s,,https://www.themoviedb.org/movie/1605208,"A young Warden-in-training discovers an ancient realm hidden beneath the Ember Waste, where sleeping wyrms, forgotten cults, and a lone Stormwing hold"
Kimberley Christmas Network,Medium (30-69 min),55,"Family, Comedy",Lily Birkby,,,https://www.themoviedb.org/movie/1597590,"A one time, one of a kind, christmas broadcast brought to you by the Kimberley media team. Full of skits, live acts and parodies."
KUDA -A LITTLE WHILE,Medium (30-69 min),30,"Romance, Drama",Chandra kanth.m,,,https://www.themoviedb.org/movie/1420194,It is about two individuals in the city of somewhere near by you
La PremiEre,Medium (30-69 min),49,Music,Pedro Artola,,https://www.imdb.com/title/tt39170905/,https://www.themoviedb.org/movie/1600966,"Karol G is gifting fans with a new TV special called La Premiere, just in time for the holiday season. Produced by Bichota Films, this one-hour specia"
Lady Gaga In Harlequin Live: One Night Only,Medium (30-69 min),52,Music,mtla.studio,https://LadyGaga.lnk.to/Harlequin,https://www.imdb.com/title/tt39262454/,https://www.themoviedb.org/movie/1606184,"LADY GAGA IN HARLEQUIN LIVE – ONE NIGHT ONLY is a cinematic performance film shot at The Belasco in downtown Los Angeles, featuring Gaga performing Ha"
Les filles de Caleb: l'histoire d'une passion,Medium (30-69 min),52,Documentary,Christian Lalumière,,https://www.imdb.com/title/tt39240679/,https://www.themoviedb.org/movie/1591680,"In a brand-new documentary, the actress who portrayed the unforgettable Émilie Bordeleau revisits her memories of filming and analyzes the cultural le"
Liar's Dividend,Medium (30-69 min),30,,Srijan Sinha,https://www.youtube.com/watch?v=tJxrVhkqpuw,https://www.imdb.com/title/tt39197246/,https://www.themoviedb.org/movie/1599328,An AI deepfake expert agrees to help the YouTuber whose deepfake pornography he created.
Lock Your Doors,Medium (30-69 min),50,"Horror, Comedy, Thriller",Alex Curtis,,,https://www.themoviedb.org/movie/1565447,A home invasion goes wrong when the homeowners fight back
Making Wicked: For Good,Medium (30-69 min),51,Documentary,,,,https://www.themoviedb.org/movie/1606506,"Return to Oz for a fantastic behind-the-scenes journey with this expansive look inside the characters, choreography, and creativity that make up the m"
MAN MADE,Medium (30-69 min),43,"Comedy, Documentary",Max Alexander,,,https://www.themoviedb.org/movie/1603075,Things go awry when two filmmakers attempt to automate every aspect of their lives using ChatGPT.
Marion's Lilies,Medium (30-69 min),38,"Thriller, Drama, Horror",Marcello Mantero,https://www.mirageentertainments.com/,,https://www.themoviedb.org/movie/1422972,"Reeling from the murder of his wife, a man spirals into darkness and loses himself in the hunt for the killer."
Merry Heistmas,Medium (30-69 min),60,Comedy,Robb Padgett,,https://www.imdb.com/title/tt32313750/,https://www.themoviedb.org/movie/1522547,"A small-time thief, with the help of his unwitting, estranged daughter, puts together a band of Christmas caroling crooks to infiltrate a rich jerk's "
My Little Pony - The WORST Skii Trip Of Pinkie Pie's LIFE,Medium (30-69 min),35,Animation,Tamers12345,,,https://www.themoviedb.org/movie/1604624,"Spike and his crew finally make their move in an attempt to eliminate Twilight Sparkle during a Christmas Skii Trip. Meanwhile, Rainbow Dash finds her"
MY LITTLE PONY: ALICORN OF DEATH,Medium (30-69 min),44,Animation,Tamers12345,,,https://www.themoviedb.org/movie/1598147,A prophecy was fortold long ago that the Alicorn of Death would appear one day while Princess Celestia is sitting on the toilet. As the day finally co
Nikos Oikonomidis: The stories behind the songs,Medium (30-69 min),34,Documentary,Dimitris Tamvakakis,,,https://www.themoviedb.org/movie/1596557,The stories behind Nikos Oikonomidis’ most iconic works.
Ninho de Rato,Medium (30-69 min),34,"Music, Documentary",Rebeca,,,https://www.themoviedb.org/movie/1598874,"Ninho de Rato delves into the idea of ​​anti-music and how it permeates the lives of those who come from the margins, the slums, the corners that almo"
Nocturne,Medium (30-69 min),60,"Crime, Mystery",Brandon Gupta,,,https://www.themoviedb.org/movie/1261327,"A young detective is tasked with solving the brutal murder of a powerful mayor. As he uncovers the city’s dark secrets, the case consumes him, testing"
"Oh, Let's Be Friends!",Medium (30-69 min),40,"Drama, Comedy",Trevor Roach,,,https://www.themoviedb.org/movie/1597527,"Two distant friends, who both are pursuing careers in filmmaking, attempt to rekindle their friendship over a short camping trip."
On the Sofa with Esther Holiday Special featuring Billy 'Sutty' Sutton - Part Two,Medium (30-69 min),30,"Documentary, History",Coco Bond,,,https://www.themoviedb.org/movie/1603180,Plot to be announced.
Ondin,Medium (30-69 min),30,,Daniel Zander,,,https://www.themoviedb.org/movie/1384222,An Avantgarde Portrait Of Classical Musician Puschan Mousavi Malvani.
Phantom of the Dojo,Medium (30-69 min),35,"Action, Comedy",Amauri Marinelarena,,,https://www.themoviedb.org/movie/1591358,"Drew's dad owns a dojo. She's a pretty good boxer... her boyfriend, Freddie, isn't so the two sneak a practice in after hours. Drew's a tough girl but"
Planet Disagreements X,Medium (30-69 min),65,"Comedy, Science Fiction",Jaden Steuerwald,,,https://www.themoviedb.org/movie/1603759,"After a shocking personal discovery, Han Alone and the gang are left feeling conflicted on how to put an end to the White Glove for good."
Rayen Panday: Karma,Medium (30-69 min),63,Comedy,Wimie Wilhelm,,,https://www.themoviedb.org/movie/1606129,Registration of the theatre show by the Dutch comedian Rayen Panday.
Rick Mercer Stand Up for Canada,Medium (30-69 min),44,,,https://gem.cbc.ca/rick-mercer-stand-up-for-canada,https://www.imdb.com/title/tt39132188/,https://www.themoviedb.org/movie/1605559,"Rick Mercer Stand Up for Canada is a one-hour CBC comedy special where Mercer is joined by Sophie Buddle, Mayce Galoni, and Julie Kim for a sharp and "
Ricky Gervais: Mortality,Medium (30-69 min),60,Comedy,John L. Spencer,https://www.netflix.com/title/82051730,https://www.imdb.com/title/tt32767869/,https://www.themoviedb.org/movie/1312150,"Ricky Gervais tackles life, death and the state of the world in a brutally honest special that spares no topic, even his own mortality."
Rider,Medium (30-69 min),59,"Action, Drama, Crime",M.G Rajavel,,,https://www.themoviedb.org/movie/1594436,"A peace-loving social reformer is pushed to his breaking point by a relentless gang, forcing him to unleash a buried side of himself to protect those "
Sail to the Moon,Medium (30-69 min),30,Drama,Josh Grundy,,https://www.imdb.com/title/tt37610785/,https://www.themoviedb.org/movie/1601094,The lines between life and death blur after a grieving father hires a woman with the ability to imitate anyone in the hopes of seeing his deceased dau
Sariwa,Medium (30-69 min),59,Drama,Sigrid Polon,,https://www.imdb.com/title/tt39215093/,https://www.themoviedb.org/movie/1604037,"A lonely, middle- aged man still grieving his past welcomes a young woman into his home -- only to fall into a web of seduction, lies and betrayal whe"
Saving Mum: Our Family Secret,Medium (30-69 min),47,Documentary,Maleena Pone,https://www.channel4.com/programmes/saving-mum-our-family-secret,,https://www.themoviedb.org/movie/1596726,"In a raw emotional reckoning, British South Asian filmmaker Maleena Pone tries to repair a complicated relationship with her mum, confronting a legacy"
SAY CHEESE!,Medium (30-69 min),36,"Drama, Mystery, Comedy",Idlal Tsaqib Tenriawan,,,https://www.themoviedb.org/movie/1599061,"In a school obsessed with spotless records, one violation sets off a quiet chain reaction. Forced to expose seven offenders, a model student uncovers "
Shadow Death,Medium (30-69 min),50,,Chris Spinelli,,https://www.imdb.com/title/tt36392296/,https://www.themoviedb.org/movie/1606889,"A mysterious killer roams a small town pulling it's victims into the shadows. As the fatalities rise, dark secrets are revealed."
Simona: Silent night,Medium (30-69 min),63,Comedy,Robert Zavarský,https://voyo.markiza.sk/relacie/8870-simona-ticha-noc/cele-diely/4660/asc,,https://www.themoviedb.org/movie/1600241,"Spend the last evening of 2025 with comedian Simona First and her most Christmassy stand-up special ever, which will get you in the right mood! Eye tw"
Solitude in my Mind,Medium (30-69 min),30,"Drama, Comedy, Romance",Chase Bradshaw,,,https://www.themoviedb.org/movie/1411505,This story is a coming-of-age film in the mind of a teenager named 'Manny'. We see him go through teenagehood with his decisions. We see Manny go down
Stranger Things: Fireplace,Medium (30-69 min),60,Science Fiction,,,https://www.imdb.com/title/tt39075270/,https://www.themoviedb.org/movie/1594337,"Gather 'round the fireplace in Hawkins, where the flames crackle, the alphabet glows — and the holidays get turned Upside Down."
Stuffed,Medium (30-69 min),59,"Comedy, TV Movie",Dave Lambert,https://www.bbc.co.uk/programmes/m002mh8j,https://www.imdb.com/title/tt39181657/,https://www.themoviedb.org/movie/1596123,"The Farooqis have an unforgettable Christmas when a surprise bonus leads to a Lapland holiday, but things go downhill fast after a disastrous discover"
Take A Friend,Medium (30-69 min),66,"Drama, Comedy",Logan Busbee,,https://www.imdb.com/title/tt38689372/,https://www.themoviedb.org/movie/1363907,"It's the last night before college graduation, and Logan is determined to record it all. But as more chaos starts to descend, will he keep recording o"
Taraneh: A Documentary,Medium (30-69 min),51,Documentary,Pegah Ahangarani,,https://www.imdb.com/title/tt39262339/,https://www.themoviedb.org/movie/1603877,"Nearly three years have passed since the “Woman, Life, Freedom” protests in Iran. Many who took part in the 2022 (1401) demonstrations paid a heavy pr"
Tarunam,Medium (30-69 min),30,Drama,Amarthya Raj Chennamadhava,,,https://www.themoviedb.org/movie/1603112,Prashanth makes a reckless mistake that takes an innocent life and leaves him burdened with guilt. When he discovers his victim’s dream of winning a c
The Bad Boy Wants Me,Medium (30-69 min),60,"Romance, Drama",Bo Youngblood,,,https://www.themoviedb.org/movie/1606390,"Skylar fake dates her best friend Jessie, while harboring a secret crush on him, to help make his ex jealous. Unfortunately for her, Jessie's roommate"
The Mirror Room,Medium (30-69 min),49,"Mystery, Thriller, Crime",Prateek Kumawat,,https://www.imdb.com/title/tt37618503/,https://www.themoviedb.org/movie/1606504,"Trapped in a time loop trying to solve a murder, detective Aarav's mind fractures. Torn between his partners' advice, he must solve the case while con"
The Mysterious Cinema of Armand St. Pierre,Medium (30-69 min),60,,Matt Barry,,https://www.imdb.com/title/tt39116480/,https://www.themoviedb.org/movie/1593536,"An independent filmmaker and a film historian discuss ideas about sound and image, documentary, and authorship, while planning a film about a (fiction"
The New Life,Medium (30-69 min),48,"Adventure, Documentary, Drama",Ethan Clarke,,,https://www.themoviedb.org/movie/1596695,"Travelling the French Alps at 17 while coming to terms with losing my dad. Exploring ideas of faith through difficult situations, and how bad times ca"
The Order Of Time,Medium (30-69 min),37,"Drama, Comedy, Thriller, Crime, Science Fiction",Akshay Padmanaba,,,https://www.themoviedb.org/movie/1596977,"Pandi, a small-time goon, exists on the periphery of power, of morality, of consequence. A single incident with his boss ruptures the fragile order of"
The Rise & Fall of DivaGurl,Medium (30-69 min),37,Comedy,Lawrence Murray,,,https://www.themoviedb.org/movie/1604253,"Four divas, one messy love triangle with their producer, and just enough chaos to blow up their careers—but at least the music slaps"
The Story of Wimbledon 2025,Medium (30-69 min),52,Documentary,,https://www.wimbledon.com/en_GB/about_wimbledon/wimbledon_official_film.html,,https://www.themoviedb.org/movie/1606113,"The Official Film, narrated by Billie Jean King"
The Swedish Llama Christmas Special,Medium (30-69 min),40,,Dylan Brown,,,https://www.themoviedb.org/movie/1603415,A Group of very silly people decide to have a Christmas party in 2025
The Tale of Kumbhaganj,Medium (30-69 min),65,"Action, Adventure, Thriller",Bhaskar,,,https://www.themoviedb.org/movie/1452377,"Set in the peaks of the Kumbhaganj mountain range, relentless treasure hunter Raman risks everything to unearth a mythical treasure. But as his obsess"
There Was Dog Sirko,Medium (30-69 min),60,Comedy,Vasyl Baidak,,https://www.imdb.com/title/tt39228063/,https://www.themoviedb.org/movie/1580198,The story of a family that accidentally finds itself caught up in a farcical series of Christmas adventures together with a dog named Sirko and a wolf
Tractor Ted Harvests Vegetables,Medium (30-69 min),40,"Family, Documentary, Animation",,http://www.tractorted.co.uk,,https://www.themoviedb.org/movie/831820,How do our vegetables grow? Do they grow above ground or below? And what machines are used to harvest them? Les has a puncture to fix; we see how the 
Vittorio Angelone: Who Do You Think You Are? I Am!,Medium (30-69 min),67,Comedy,,,,https://www.themoviedb.org/movie/1604535,"Vittorio Angelone's second stand-up comedy special, filmed on 21st May 2025 in Glasgow (which explains certain rounds of applause throughout.) It is n"
Wash Out,Medium (30-69 min),69,Documentary,Anna Isabelle Matutina,,,https://www.themoviedb.org/movie/1606501,"This documentary film tells the story of the decades-long struggle for land rights in Sicogon Island, highlighting the challenges faced by local commu"
What Remains Of Him,Medium (30-69 min),30,"Thriller, Crime, Drama",Kieran Farrugia,,,https://www.themoviedb.org/movie/1527539,"What Remains of Him is a tense, morally charged short film about obsession, vengeance, and the haunting cost of grief.  Ten years after witnessing his"
Wild Horses at the Door,Medium (30-69 min),39,Documentary,Carrie Lederer,https://www.carrierpigeonproductions.com/wildhorsesatthedoor,https://www.imdb.com/title/tt37882540/,https://www.themoviedb.org/movie/1508846,(Short Documentary)  A homeless man recovering from alcoholism escapes to a remote southern Colorado mesa and forges a new path living amongst wild ho
Winter in Ice,Medium (30-69 min),35,Documentary,Mikko-Pekka Karlin,https://alluringarctic.com/,,https://www.themoviedb.org/movie/1594782,"Amidst the silent, frozen wilderness of Greenland, a small sailboat becomes home for the winter. This documentary follows the remarkable story of adve"
Winter of Empires,Medium (30-69 min),40,"Animation, Adventure, Science Fiction",James Bradford Huston,,,https://www.themoviedb.org/movie/1523663,"To avoid galactic war, the treatment of a frozen planet and it's people must be decided."
Året var 1976,Medium (30-69 min),58,"History, Documentary",Jonas Fohlin,,,https://www.themoviedb.org/movie/1551215,"1976 brings several events that leave their mark on Sweden. Silvia Sommerlath marries King Carl Gustaf, and Thorbjörn Fälldin takes over as the new pr"
ØĐISĒA,Medium (30-69 min),50,Documentary,Víctor Cortés Vargas,,,https://www.themoviedb.org/movie/1585916,"A journey of more than 2,300 km by bicycle from Arica to Valle Nevado, in search of waves, routes and landscapes that inspire."
"""Christmas Special""",Shorts (10-29 min),25,Comedy,Matt Card,,,https://www.themoviedb.org/movie/1596442,"Join Santa Claus and all his friends at the North Pole for a night of singing, laughing, and holiday joy!"
21st Century Cinema Index,Shorts (10-29 min),15,Documentary,Hazal Bayar,http://postbellek.com,,https://www.themoviedb.org/movie/1606549,"The 21st-Century Cinema Index, an extensive research project on 21st-century film by Hasan Cem Çal, a writer whose work focuses on the evolution of th"
A #ChristmasCarol,Shorts (10-29 min),26,Comedy,Allison Dayne,,,https://www.themoviedb.org/movie/1601844,"A Christmas musical that satirises 2025, influencer culture, nostalgia, nelk boys, hawktuah girl, club penguin, and many other pop culture figures!"
A Few Risible People,Shorts (10-29 min),20,Drama,Sai Sharan S,,,https://www.themoviedb.org/movie/1601146,A quiet life spirals into chaos when a woman discovers that a murder victim in her neighbourhood shares her identity
A Fools Paradise,Shorts (10-29 min),20,"Western, Adventure",Riley Gaboury,https://www.100pstudios.com/projects,,https://www.themoviedb.org/movie/1441338,In the heart of the desert a cowboy receives a gun from the gods... With wrath at his heels he must fulfill the prophecy and escape the desert alive
A Heist Away From Home,Shorts (10-29 min),15,"Thriller, Comedy, Drama",Christian James Nguyen,https://www.christianjamesnguyen.com,https://www.imdb.com/title/tt38594937/,https://www.themoviedb.org/movie/1590573,"After a deliveryman collides with a multi-millionaire, he enlists his best friend's help to execute a once-in-a-lifetime heist."
A Very Accommodating Christmas,Shorts (10-29 min),17,Comedy,Adam Boland,,,https://www.themoviedb.org/movie/1594803,"When he hears that his Father is coming to visit, accommodation dweller Jason has to make his apartment and unhinged roommates look proper for a Chris"
A Wise Mystical Christmas,Shorts (10-29 min),13,,Fraser McGeough,,,https://www.themoviedb.org/movie/1601626,Coal. No matter how well you are behaved you will be getting Coal for Christmas due to an unknown evil force. If only there was a group of boys who co
Aadi Pona Aavani,Shorts (10-29 min),10,"Romance, Music, Fantasy",Pradhosh,,,https://www.themoviedb.org/movie/1597720,"They serve time travel with coffee but only until it turns cold. In those warm, borrowed minutes, Marun revisits his last memory with Rupika, a love t"
Aestas,Shorts (10-29 min),11,,Kirill Dolgushin,,,https://www.themoviedb.org/movie/1427114,July 2024 — Summer vacation.
As a Human Being,Shorts (10-29 min),27,Drama,Malky Chatteleo,,,https://www.themoviedb.org/movie/1604982,"A teenager labeled as having a mental disorder by his father. When he has no intention or purpose in life, his friend comes and will change his life c"
Bacchanal,Shorts (10-29 min),15,,Crissy Saucier,,,https://www.themoviedb.org/movie/1604462,Chaos erupts when a masked man appears.
Banshee,Shorts (10-29 min),16,,Peter Vass,,https://www.imdb.com/title/tt38934744/,https://www.themoviedb.org/movie/1583583,"An Irish folk horror short filmed in Donegal, Ireland."
Batgarf: First Snow,Shorts (10-29 min),29,"Animation, Comedy, Crime, Mystery",Maxwell Kirby,,,https://www.themoviedb.org/movie/1604025,Gotham is manic. Poop slop plagues the streets. Only the reasonable and down to earth Batfo can save the day…
Before The Dawn Fell,Shorts (10-29 min),11,"Drama, Western",Andrea Corona,,,https://www.themoviedb.org/movie/1588912,"Mexico, 1940's. Fernando, a thirteen-year-old boy who lives in a rural town, will face uncertainty, treason and tragedy."
Behind the Curtain,Shorts (10-29 min),11,Drama,Havin Su İtah,,,https://www.themoviedb.org/movie/1523528,"A girl whose dream of acting comes before everything else. This dream requires sacrifice, effort and a heart that refuses to give up."
Behind The Elephant,Shorts (10-29 min),22,Documentary,,https://www.adultswim.com/videos/adult-swims-the-elephant,,https://www.themoviedb.org/movie/1580169,Take a rare look into the creative process of Adult Swim's The Elephant with interviews and footage from the production that highlight the unique chal
Bells Will Be Ringing,Shorts (10-29 min),15,,Zach Hooks,,,https://www.themoviedb.org/movie/1593307,A down-on-his-luck ex-boxer takes a job as a mall Santa and finds a chance at redemption when Christmas needs him most
Beth McCarthy - The Hot & Stupid Tour Live from London,Shorts (10-29 min),25,"Documentary, Music",Callaway Breeze,,,https://www.themoviedb.org/movie/1604712,A night with Beth McCarthy at her London headline show as part of “The Hot & Stupid Tour” in 2025
Beyond Redemption,Shorts (10-29 min),19,Drama,Jonny Kwan,,,https://www.themoviedb.org/movie/1478641,Regret and wrath find a new quarry: someone who already believes he is no good.
Bhoothayanam,Shorts (10-29 min),18,"Horror, Mystery, Drama",Tony Davis,,https://www.imdb.com/title/tt35766105/,https://www.themoviedb.org/movie/1595447,"Lonely and desperate, an elderly matriarch will go to any length to be reunited with her beloved granddaughter."
Big Worm,Shorts (10-29 min),19,"Fantasy, Comedy, Family",Shane Marshall,,https://www.imdb.com/title/tt32759514/,https://www.themoviedb.org/movie/1312149,"Set just days before Christmas, Big Worm is a story about a newly located Nigerian/Canadian family in Australia. The film is narrated by high school s"
Blind Faith,Shorts (10-29 min),12,Drama,Payton Maddox,,https://www.imdb.com/title/tt37787034/,https://www.themoviedb.org/movie/1534277,Matt Murdock seeks guidance from a lifelong mentor after recently becoming the vigilante known as Daredevil.
Blondie Boy,Shorts (10-29 min),21,"Comedy, Drama",Kienan Lyons,,https://www.imdb.com/title/tt36604862/,https://www.themoviedb.org/movie/1406014,Two impressive teenagers wait for their mothers to finish talking.
Bloody Christmas,Shorts (10-29 min),18,"Thriller, Comedy",Edwin Babu,,,https://www.themoviedb.org/movie/1604687,Bloody Christmas is a mystery-driven thriller where silence follows violence and secrets refuse to stay buried.
Boomer Rebirth,Shorts (10-29 min),11,"Comedy, Science Fiction, Romance",Jack Williams,,,https://www.themoviedb.org/movie/1593045,"In the near future, a man struggles to order fast food."
Bound to be Lost & Found,Shorts (10-29 min),11,"Drama, Animation",Jordan Pitts,,https://www.imdb.com/title/tt39115104/,https://www.themoviedb.org/movie/1594401,"A stubborn house-cat struggles to adjust to his new, mysterious environment: The Woodlands. At the same time, a hardened stray cat desperately tries t"
Breeze,Shorts (10-29 min),16,Drama,Nir Shenhav,,,https://www.themoviedb.org/movie/1509143,"Maor and his younger brother Dolev live with their father in a quiet, middle-class neighborhood. On the eve of a holiday, during a game of hide-and-se"
Built Brave,Shorts (10-29 min),10,Documentary,Nate Patton,https://www.youtube.com/watch?v=tTZ8F7rETyA,,https://www.themoviedb.org/movie/1597954,"Built Brave delivers an action-packed, intimate look at the final junior hockey season of Marc Dionne, the Tavistock Braves captain who has literally "
Burning Underwater,Shorts (10-29 min),16,"Thriller, Mystery, Drama",Steven Escudero,,,https://www.themoviedb.org/movie/1563801,"Julian finds himself in surreal, nightmarish situations after waking up and having his life flipped upside down."
"Camera, Lights, Action",Shorts (10-29 min),14,"Comedy, Documentary",Matthew Brace,,https://www.imdb.com/title/tt39127851/,https://www.themoviedb.org/movie/1580320,"After receiving a large budget, from a studio, three young film makers attempt to make the sci-fi movie of their dreams."
Carnations,Shorts (10-29 min),22,"Drama, Documentary",Ian Mitchell,,,https://www.themoviedb.org/movie/1442043,Seven strangers are interviewed to talk about the relationship they have with their mother.
Category is Ballroom DOMination,Shorts (10-29 min),21,"Documentary, Drama",Izee Cortez,,,https://www.themoviedb.org/movie/1599602,"Living between classic and alternative drag, Dominota Marciano-De la Blanca juggles performance and day job, finding in the ballroom community the mos"
Chopsticks,Shorts (10-29 min),26,"Comedy, Thriller",Alton Vegaz,,,https://www.themoviedb.org/movie/1466253,An Asian representative shows up at a man's door to personally address a mildly racist tweet he posted. What starts as an awkward conversation slowly 
Cinema According to Alex,Shorts (10-29 min),10,"Horror, Comedy",Jorge Monsivais,,,https://www.themoviedb.org/movie/1598346,A young college student gets triggered by the resentment of his passion project by his professor and students. When he feels like his classmates think
Cloud Colored Blind,Shorts (10-29 min),22,,Twodoor,,,https://www.themoviedb.org/movie/1604794,"The view from my window during my second year of university, from fragments to a unified whole."
Coconut,Shorts (10-29 min),12,,Ravi Chand,,,https://www.themoviedb.org/movie/1593944,"Nineteen-year-old bedroom rapper Dev has always been called a ‘coconut’: brown on the outside, white on the inside. Already ashamed of his Australian "
Color Theory,Shorts (10-29 min),27,"Drama, Fantasy",Tierra Scott,,,https://www.themoviedb.org/movie/1574952,A lonely college student discovers candy that lets her feel emotions for the first time. Only to learn that too much feeling can be just as dangerous 
Content Warning,Shorts (10-29 min),17,Comedy,Bryan Lai,,,https://www.themoviedb.org/movie/1595847,"Tom Machin, a college graduate, was mistakenly recruited as a social media manager alongside Broden Tripcony, another manager with a troubled past.  T"
Control,Shorts (10-29 min),13,"Horror, Comedy, Science Fiction",Jason Garrett,,,https://www.themoviedb.org/movie/1594386,"In a near future America, all forms of birth control have been illegalized, leaving no doctors to administer such operations. A woman with an implante"
Crumbs Before Christmas,Shorts (10-29 min),10,"Adventure, Fantasy, Family",Prowler Productions,,,https://www.themoviedb.org/movie/1592462,"The night before Christmas is usually full of happiness and cheer, but one tiny gingerbread man notices the house is in a bit of disarray, with a hand"
Crónicas Paranormales - El especial de Navidad,Shorts (10-29 min),15,"Comedy, Music",Eduardo Cabral,,https://www.imdb.com/title/tt39165108/,https://www.themoviedb.org/movie/1596901,"“Documentary” that shows Christmas 2009, where the Grajales family, a family of hunters, will have to come together to save (as much as possible) thei"
CURBED,Shorts (10-29 min),19,"Comedy, Crime, Adventure",Rob Rappa,,https://www.imdb.com/title/tt39239229/,https://www.themoviedb.org/movie/1602952,"After a hit-and-run leaves her bike mangled, Jill-a volatile, unhinged delivery driver-must sprint through the streets of New York City to deliver a p"
Daaru,Shorts (10-29 min),13,"Documentary, Drama",Krishnanandha,,,https://www.themoviedb.org/movie/1598706,A journey home made possible by a bicycle taken without asking and the questions that follow.
Daddy,Shorts (10-29 min),15,"Horror, Comedy, Thriller, Mystery",Finn Lomer,https://youtube.com/,,https://www.themoviedb.org/movie/1591831,An apt interpretation of second hand trauma through the eyes of the conveyor.
"Dear A Pair of Sandalwoods,",Shorts (10-29 min),15,"Drama, Family",Eakaphatra Chaipipatworakij,,,https://www.themoviedb.org/movie/1590805,A sound recordist attempts to rediscover the memories he shared with his grandfather before they are forgotten forever.
Desire,Shorts (10-29 min),28,Romance,Rina Mintz,,,https://www.themoviedb.org/movie/1599798,Two young women meet by chance late at night.
Destination: Daleks,Shorts (10-29 min),10,"Science Fiction, Adventure",Pete McTighe,,,https://www.themoviedb.org/movie/1593305,"The Doctor and Tegan arrive in Butler's Wharf, London… where they have some unfinished business with a very old enemy!"
Dragons In Seattle,Shorts (10-29 min),15,"Documentary, Music",TE Lara-Powell,,,https://www.themoviedb.org/movie/1480568,"In a decade long feat, the crew of ""Lizard Boy"" chart their journey from Seattle to Off-Broadway while discussing what it takes to make a musical wort"
Drive Mae Insane,Shorts (10-29 min),13,"Comedy, Thriller, Science Fiction",Raegan Elizabeth Parker,,https://www.imdb.com/title/tt39282482/,https://www.themoviedb.org/movie/1606224,"A young photographer embarks on the longest road trip of her life, but gradually questions her sanity as strange things begin to occur in her physical"
Duality,Shorts (10-29 min),19,"Horror, Drama, Thriller",Jesus Leon,,,https://www.themoviedb.org/movie/1558338,"A trio of childhood friends struggle to maintain their lifelong bond as they enter young adulthood. But, when one of them is faced with a disease, all"
Duchess Potatoes,Shorts (10-29 min),21,"Adventure, Comedy",Juan Pablo Farías,,,https://www.themoviedb.org/movie/1603948,A Christmas stupidity
E Ku Mipalyaring Magluksa,Shorts (10-29 min),20,Drama,Beatrize Villareal,,,https://www.themoviedb.org/movie/1597415,"On Christmas of 1990, a man returns to the village where his lover was laid to rest, but in a community determined to erase their love, his mourning b"
Elsbeth: or the barn owl and the rat king,Shorts (10-29 min),15,"Horror, Thriller",D.K. Lawhorn,,,https://www.themoviedb.org/movie/1431288,"After a nasty break-up, Elsbeth retreats into the woods to recuperate and find community. But when her past refuses to stay in the past, she and her n"
Everybody Wants to go to The Party,Shorts (10-29 min),15,Comedy,Eli Vidis Newman,,https://www.imdb.com/title/tt37073819/,https://www.themoviedb.org/movie/1499468,A man struggles to get into a party after learning another man with his name is already in attendance.
everything.com,Shorts (10-29 min),12,,Jude Snyder,,,https://www.themoviedb.org/movie/1602712,i love you man. do i ever say that enough?
F**k Off Santa,Shorts (10-29 min),11,"Comedy, Science Fiction",Joseph Batchelor,,,https://www.themoviedb.org/movie/1596817,Four friends must go on a time travelling adventure to stop Santa drinking their beer.
Facility Zero,Shorts (10-29 min),19,Horror,Liam Edel,https://www.youtube.com/watch?v=SzNgPXlmC3Y&t=13s,,https://www.themoviedb.org/movie/1601167,"When a distracted office worker finds himself on a mission across an unfamiliar world, he must attempt to find his way back to reality and the monoton"
Fading at Dawn,Shorts (10-29 min),19,"Drama, Romance",Anshul Mahakud,http://www.anshulmahakud.com,,https://www.themoviedb.org/movie/1547670,A recent art graduate has trouble pursuing her passions.
Fashion,Shorts (10-29 min),14,Comedy,Casey J. Newell,,https://www.imdb.com/title/tt35655453/,https://www.themoviedb.org/movie/1599028,A Target employee facing layoffs grows frustrated while trying to lead a focus group of insufferable Gen Z.
Fernand's Christmas,Shorts (10-29 min),10,Documentary,François Pierre Breau,https://www.nfb.ca/film/fernands-christmas/,,https://www.themoviedb.org/movie/1591785,"Fernand’s Christmas is the story of an extraordinary man. Despite his fragile health, every year he dons the familiar red costume to delight the child"
Fiancé,Shorts (10-29 min),21,"Thriller, Drama",Aaliyah Lynch,,https://www.imdb.com/title/tt36841878/,https://www.themoviedb.org/movie/1546158,"A young couple invites friends over for dinner to announce their engagement, but there seem to be some guests at the table who aren't particularly thr"
Film No. 103,Shorts (10-29 min),10,Drama,Raphael Bernhart,,,https://www.themoviedb.org/movie/1597615,"A young man struggles to admit his feelings for a girl, but when he mistakes her kindness toward a strange man who suddenly appears at their school fo"
Find Her,Shorts (10-29 min),10,Drama,Chase Venoms,,,https://www.themoviedb.org/movie/1590743,"When their best friend Noelle’s sister passes away, Kris becomes a recluse. Three years later, Noelle shows up at their door, and the two estranged fr"
Fingertips,Shorts (10-29 min),23,"Thriller, Drama",Jayson X. Kiensler,https://shazampoolstudios.wixsite.com/findfingertips,,https://www.themoviedb.org/movie/1534078,"Albert, a small-town teenager, hides a serial killer alter ego— FINGERTIPS. When he comes face-to-face with his most personal victim."
"Fleeting Days, Eternal People",Shorts (10-29 min),28,Documentary,Diogo Mendes,,,https://www.themoviedb.org/movie/1606414,This short film follows a group of friends just hanging out in Porto
Forgetting Marian,Shorts (10-29 min),24,Comedy,Mike Nerpiol,,https://www.imdb.com/title/tt39215098/,https://www.themoviedb.org/movie/1604044,"After being dumped for a flashier guy, Alex checks into his ex Marian and her arrogant new boyfriend. Through a string of hilarious humiliations, unex"
Friend of the Year,Shorts (10-29 min),11,Drama,Natalie Parker,http://nataliemariaparker.com,,https://www.themoviedb.org/movie/1436118,"When high school senior Julia brings her new friend Naya to a party, she’s quickly sidelined as Naya falls into the spotlight—forcing Julia to confron"
Game Tokens,Shorts (10-29 min),17,"Documentary, Comedy",Adam Bensoltane,,,https://www.themoviedb.org/movie/1594037,"Narrator and director, Adam Bensoltane films a fragment of his 10-kilometer walk through the fields of the Alsatian countryside to go retrieve some ga"
Gamer Surveillance State,Shorts (10-29 min),16,"Comedy, Thriller",Max Alexander,,,https://www.themoviedb.org/movie/1598839,An internet-addicted conspiracy theorist and a clueless Twitch streamer form an unlikely alliance when a malevolent force threatens everything they ho
Ghazi,Shorts (10-29 min),16,"Drama, Crime",Shariful Taher,,,https://www.themoviedb.org/movie/1472402,"A young man and his friend plot to steal a neighborhood dog to fund their escape to Florida, but their journey forces him to confront a deeper truth."
Ghostwriting,Shorts (10-29 min),17,Drama,Mithun Muraleetharan,,,https://www.themoviedb.org/movie/1606653,"As two friends write a song together, reality and dreams intertwine."
"Gladiatorerna - kärleken, skandalerna & dödskraschen",Shorts (10-29 min),22,Documentary,Martin Ekelund,https://www.tv4play.se/program/3dc9acb2e673178e334e/gladiatorerna-karleken-skandalerna-and-dodskraschen,,https://www.themoviedb.org/movie/1605110,The TV4 hit Gladiators quickly grew into a phenomenon in the early 2000s. The participants became superstars and child idols overnight. But in the mid
Glint,Shorts (10-29 min),16,"Drama, Horror",Sayna Fardaraghi,,https://www.imdb.com/title/tt32919836/,https://www.themoviedb.org/movie/1320035,"As the fear of her impending adulthood becomes louder, a sedentary girl is asked to go to a party."
Golden Boys,Shorts (10-29 min),13,"Thriller, Drama",Jacob Whitehead,,,https://www.themoviedb.org/movie/1499717,"Inside a frat house, holds many types of boys who want to prove their worth, in the middle of it all stands Cooper, Owen, and Austin."
Hana's Big Holiday,Shorts (10-29 min),13,"Family, Drama",Jack Murtha,,,https://www.themoviedb.org/movie/1604144,"Hana’s Dad is in town, and he’s gonna give her the best holiday ever."
Handbrake,Shorts (10-29 min),11,,Antigoni Karnesioti,,,https://www.themoviedb.org/movie/1592825,"Two young women, from different points of departure and by using different means of transportation, examine where disability begins and ends."
Heroin King,Shorts (10-29 min),22,,Kristo Langker,,,https://www.themoviedb.org/movie/1604888,A short film created to accompany Heroin King by Eunuchs... off the record: Harbour Century.
Holding an Edge,Shorts (10-29 min),24,Documentary,Lucy Curtis-Cherry,,,https://www.themoviedb.org/movie/1599423,"A portrait of Ting Cui, a Team USA figure skater at Middlebury College student. An exploration of what it means to sustain a relationship with a sport"
Hope,Shorts (10-29 min),20,"Romance, Drama, Mystery",Sabarinath,,,https://www.themoviedb.org/movie/1590991,"On the last day of college, three lives quietly collide with memories, choices, and unspoken feelings. Hope is a poetic reflection on timing, love, an"
How Much a Pizza Cost,Shorts (10-29 min),10,"Crime, Comedy",Connor Nicholas,,,https://www.themoviedb.org/movie/1594887,A true crime documentary about Connor Nicholas' failed crimes.
I Bleed Ashes,Shorts (10-29 min),12,Drama,Harshvardhan Bedi,,,https://www.themoviedb.org/movie/1606512,Shaan and Raghu are deeply in love. Shaan struggles to conceal his true self but finds the courage to come out of the closet with Raghu’s unwavering s
I Think James is in a Time Loop,Shorts (10-29 min),12,"Comedy, Science Fiction, Drama",Joshua Napomiceno,,,https://www.themoviedb.org/movie/1585044,"A bubbly college student comes to the conclusion that her classmate is stuck in a time loop and, if true, she may be stuck as well."
I Won't Forget,Shorts (10-29 min),14,Drama,Hannah Griffiths,,,https://www.themoviedb.org/movie/1338966,"After a tragic loss shatters her family, Mia battles grief and turmoil, forced to choose between escaping the past or succumbing to it."
Imposter,Shorts (10-29 min),10,Drama,Renan Raymundo,,,https://www.themoviedb.org/movie/1601117,A young actor recently hired for his first big production must balance his personal and professional life so that he can deliver his best performance 
Interviewed,Shorts (10-29 min),10,,Adam Martahadi,,,https://www.themoviedb.org/movie/1597064,Happy-go-lucky journalist Bobby gets a rare chance to sit down and talk with dictator Mulford Voss.
Invisible Rainbows,Shorts (10-29 min),12,"Drama, Family",Clark Duldulao,,,https://www.themoviedb.org/movie/1599190,"Invisible Rainbows follows Luna, a teenage girl living with achromatopsia, navigating a colorless world during the Christmas season. As she longs for "
Isolation,Shorts (10-29 min),11,"Adventure, Comedy, Drama",Lucas Sinclair,,,https://www.themoviedb.org/movie/1604573,A teen couple go scouting a nearby woods for places to take good photographs on the theme of isolation.
"It Might Not Be Perfect, But It's Mine",Shorts (10-29 min),24,Documentary,John Angus Stewart,https://www.youtube.com/watch?v=BI1AZH2aRDM&t=951s,,https://www.themoviedb.org/movie/1600000,"A headline performance by Amyl and the Sniffers shot by John Angus Stewart at Alexandra Palace on October 25th, 2025."
It Will Happen To Us Again,Shorts (10-29 min),15,,Sarah Bloom,,https://www.imdb.com/title/tt35927663/,https://www.themoviedb.org/movie/1439898,"A struggling artist returns to her stifling, loving hometown, where she must come to terms with all that she left behind."
Jacquard Journalism,Shorts (10-29 min),13,,Eyoel Fassil,https://youtube.com/watch?v=T3nHE449Tjk&si=ON3RER9buNPKZczJ,,https://www.themoviedb.org/movie/1601143,"When a recovering journalist is called back into his career, him and his guest, a high-class chef. They begin to unravel and the questions arise: Who "
JAMAAL,Shorts (10-29 min),14,,Yvonne Orji,,,https://www.themoviedb.org/movie/1598768,"JAMAAL depicts a day in the life of a Black man, with no additional trauma. Cuz let’s keep it 💯, life has enough challenges- we don’t need no help mak"
Jorge Martin: From Heaven to Hell,Shorts (10-29 min),29,,,https://www.motogp.com/en/videos/2025/12/12/jorge-martin-from-heaven-to-hell/823611,https://www.imdb.com/title/tt39177288/,https://www.themoviedb.org/movie/1606143,"From the highest of highs to an incredibly tough low. Jorge Martin, the 2024 MotoGP World Champion starts a new chapter in his career as he moves from"
Kamen Rider Vram: Route Stomach,Shorts (10-29 min),24,"Action, Adventure",Satoshi Morota,,https://www.imdb.com/title/tt38747567/,https://www.themoviedb.org/movie/1565561,"This Kamen Rider Gavv spin-off depicts a ""what if"" scenario in the series. What if Granute Rage9/Kamen Rider Vram took a different route compared to w"
Kebab City,Shorts (10-29 min),23,Documentary,Eren Ates,https://kebabcityfilm.art,https://www.imdb.com/title/tt37545199/,https://www.themoviedb.org/movie/1512132,A glimpse into three different döner buffets in Berlin and how they are connected to the city with their own style.
Keeping Christmas Together,Shorts (10-29 min),21,Comedy,David Nguyen,,https://www.imdb.com/title/tt39263063/,https://www.themoviedb.org/movie/1606363,"What begins as a simple office Secret Santa slowly unravels into a quiet nightmare of misunderstandings, resentment, and forced cheer. As coworkers ga"
Khatai,Shorts (10-29 min),13,History,Rəvan Muradov,,,https://www.themoviedb.org/movie/1601564,"The path of Shah Ismail from childhood to kingship!  The story is built around the young Ismail, who is hidden under the protection of Karkiya Mirza a"
Kuda Ayya: The Maldivian Bodyboarding Prodigy,Shorts (10-29 min),29,Documentary,Ali Amir,https://aliaerials.myportfolio.com/kuda-ayya,https://www.imdb.com/title/tt39182639/,https://www.themoviedb.org/movie/1598630,A documentary-short about the Maldivian bodyboarding champion of the last decade. The story of Ali Khushruwan Ahmed.
Late Night 2,Shorts (10-29 min),23,"Horror, Documentary",Jane Belivet,,,https://www.themoviedb.org/movie/1605133,A walk through a section of a town at night
Locked In,Shorts (10-29 min),18,"Comedy, Drama",Jocelyn Jimenez,,,https://www.themoviedb.org/movie/1594441,Tensions rise when four friends in a study room attempt to mend a breakup between two of them.
Looking for Layla,Shorts (10-29 min),11,Comedy,Hannah McNamara,,,https://www.themoviedb.org/movie/1602713,"After a beautiful night with a wonderful girl named Layla, Gavin wants to do anything he can to find her after dragging his best friend, Dani, into it"
LOSS-SHOT,Shorts (10-29 min),12,Drama,Marcos Gale,,,https://www.themoviedb.org/movie/1601909,"Felix, a 16-year-old boy, receives a diagnosis of an incurable disease and sees his life turned into uncharted territory. Unable to accept this new re"
Lost Keys,Shorts (10-29 min),11,"Thriller, Horror",Devin Coonradt,,,https://www.themoviedb.org/movie/1602806,"A young man named Lucas, is being chased by a chainsaw killer at an isolated home, but when he tries to escape by vehicle, the keys are nowhere to be "
Making Deltron 3030,Shorts (10-29 min),14,"Documentary, Music",Jacob Rosenberg,https://www.youtube.com/watch?v=pZVhRI8mYoY,,https://www.themoviedb.org/movie/1596797,"Dive into the making of the classic hip-hop record Deltron 3030, with the artists who brought it to life. Featuring Dan the Automator, Del the Funky H"
Maladaptive,Shorts (10-29 min),11,,Cameron Mead,https://www.youtube.com/watch?v=xugsNBXYBwA,,https://www.themoviedb.org/movie/1594878,"When two old high school friends meet after many years, they take a trip down memory lane and explore how their friendship has changed for better (and"
Masculine singular addressee,Shorts (10-29 min),25,Drama,hossein rahghoshay,,,https://www.themoviedb.org/movie/1596455,It all starts with signing up for a language class. Sam meets Sarah and a relationship that straddles the line between reality and fantasy...
Matt Farrell and the Teenie Genie,Shorts (10-29 min),20,,Michael Stevantoni,,,https://www.themoviedb.org/movie/1586479,"A piano player’s discovery of a genie lamp grants him three wishes and propels him into a musical world of love, fortune, and fame."
Maya?,Shorts (10-29 min),20,"Drama, Mystery",Jaceekaye Sibulo,,,https://www.themoviedb.org/movie/1600430,A bar dancer desperately striving to build a better life for her child finds her world shattered one day when she discovers the child has gone missing
Me and My Little Tasks,Shorts (10-29 min),18,"Comedy, Drama, Adventure",Benjamin Lazzaro,,,https://www.themoviedb.org/movie/1587106,"In this queer coming-of-age odyssey, a heartbroken painter attempts to drive away from her problems."
Memento Mori,Shorts (10-29 min),12,,Elias Fortas,,,https://www.themoviedb.org/movie/1598906,"Eddie meet Charly and then he loved her. But in his mind, a lot of troubles were going to trouble everything."
Mephistopheles Is Just Beneath,Shorts (10-29 min),14,"Thriller, Horror",Aaron Grospe,,,https://www.themoviedb.org/movie/1584408,"A man’s growing paranoia suggests he’s being followed through his daily routine, leading him to break his routine and desperately seek escape from a m"
Mianhae,Shorts (10-29 min),21,"Thriller, Drama, Horror",Dav Cooper,,,https://www.themoviedb.org/movie/1529603,"Daniele lost his sight after a failed eye surgery. When his sister Sara spends a weekend at his house, she notices disturbing and unexplainable behavi"
Midwestern Cowboy,Shorts (10-29 min),12,"Drama, Western",Drew Waller,,,https://www.themoviedb.org/movie/1428627,"After The Fall, a lone Cowboy wanders the apocalyptic winter landscape to achieve his sole mission- survive."
MOLA-MOLA,Shorts (10-29 min),21,Drama,Warit Thamsury,,,https://www.themoviedb.org/movie/1590731,"Fhen dreamed of the same girl every night, but every time he woke, he couldn't remember her face. He became so obsessed with her that he left reality "
Mother Knows Best,Shorts (10-29 min),11,"Drama, Thriller",Benjamin Schwartz,,https://www.imdb.com/title/tt35682370/,https://www.themoviedb.org/movie/1544653,"In the wake of a tragic accident, a mother's unwavering care pushes the limits of morality as she does whatever it takes to protect her son."
Mr. Blue,Shorts (10-29 min),13,"Science Fiction, Music, Drama",Benjamin Fra,,,https://www.themoviedb.org/movie/1511985,"Blue decides to keep the settings of his transmasculine avatar and is challenged in his routine by the provocations of his everyday life, until a posi"
Mr. President,Shorts (10-29 min),12,"Comedy, Fantasy",Kris Salvi,,,https://www.themoviedb.org/movie/1602551,A rich unemployed man wakes up on Christmas morning to discover a miracle has occurred.
MUSICAL PIPERS :: THE PIED PIPER,Shorts (10-29 min),17,"Animation, Drama",Hyo Jung Boo,,,https://www.themoviedb.org/movie/1596386,"🎶MUSICAL PIPERS ::THE PIED PIPER is a Drama/Musical genre animated short film. 🎶  Two musical majoring students, Eugene and Wendy, are practicing and "
"My Best Friend, Andre",Shorts (10-29 min),13,"Drama, Fantasy",Dylan Do,,,https://www.themoviedb.org/movie/1595840,"It’s been a month since Terrance’s best friend Andre died. In the hope of offering the final apology he never had the chance to make, he enlists a wit"
MYTHS OF ANCIENT INDUSTRY,Shorts (10-29 min),13,Comedy,,,https://www.imdb.com/title/tt39207588/,https://www.themoviedb.org/movie/1600024,"This short film tells the story of a producer who once again denies a screenwriter the chance to realize HIS script. But this time, the script turns o"
Next Stop,Shorts (10-29 min),23,Drama,Josiah Ward,,https://www.imdb.com/title/tt37428738/,https://www.themoviedb.org/movie/1606593,"Travelling by train, we see the end of a group of friends' holiday in real time."
Nice Jewish Girl,Shorts (10-29 min),11,Drama,Carly Brand,,,https://www.themoviedb.org/movie/1593952,"At a Jewish school camp in 2006, repressed teenager Tali finds a porn magazine hidden in a classmate’s prayer book and steals it. Between the pages an"
Nollaí,Shorts (10-29 min),25,Animation,,,,https://www.themoviedb.org/movie/1588144,"Nollaí tells the story of a young Irish deer who lives with a family of humans, as he embarks on a journey of self-discovery to find out where he came"
Nosegay,Shorts (10-29 min),22,"Comedy, Mystery, Crime",Dashiell Sears,,,https://www.themoviedb.org/movie/1600239,a group of immortal souls born in the 80's have been dug up. a murder mystery ensues
Oasis Bandung Live Forever,Shorts (10-29 min),10,"Documentary, Drama, History",Sayyid Adil Al Banna,,,https://www.themoviedb.org/movie/1604134,"Oasis Bandung Live Forever tells the story of the struggle of the Oasis Bandung Community to maintain its identity and unity since its inception, over"
Off The Beaten Path,Shorts (10-29 min),20,Documentary,Katie DeVries,,,https://www.themoviedb.org/movie/1593630,"At Olivet, some students don’t meander past the Dairy Queen near the stoplight..but those who make the trek to the Sims Building are creative minds wh"
Ojo de Mujer,Shorts (10-29 min),15,Documentary,Selena Silva,,https://www.imdb.com/title/tt0601052/,https://www.themoviedb.org/movie/1593156,"Ojo de Mujer is a documentary that features four Nicaraguan women filmmakers, whose testimonies allows us to learn about their begginings and how they"
"On The Red Carpet Presents: ""Percy Jackson""",Shorts (10-29 min),23,Documentary,,,,https://www.themoviedb.org/movie/1602838,"From San Diego Comic Con to on board Disney Cruise Line's Destiny, we're with the cast of the Emmy-winning Disney+ Original series ""Percy Jackson and "
On the Sofa with Esther Holiday Special featuring Billy 'Sutty' Sutton - Part One,Shorts (10-29 min),24,"Documentary, History",Coco Bond,,,https://www.themoviedb.org/movie/1603154,"Esther Austin sits down with local Birmingham legend, Billy “Sutty” Sutton to discuss his families ties to crime and his heroism on the streets with t"
Opposable,Shorts (10-29 min),13,"Horror, Drama",Peter Nepi,https://www.youtube.com/@8ballfilm,,https://www.themoviedb.org/movie/1581084,"In the not-so-distant future, a grieving Marshall attempts to get his late brother home, but he finds trouble in the dark forest... or does the troubl"
Pesaa Varigal,Shorts (10-29 min),14,"Drama, Romance",Praveenth,,,https://www.themoviedb.org/movie/1601791,"An ex-couple reconnects via a late-night FaceTime call. As memories resurface, unspoken truths come to light. Their conversation unearths lingering em"
Pit Stop,Shorts (10-29 min),12,Documentary,Henrique Cainelli,,,https://www.themoviedb.org/movie/1596908,"Airton, an pilot and instructor, who's in the field of motorsport for nearly 50 years, talks about being a pilot and its difficulties in the state of "
Pudding,Shorts (10-29 min),10,"Drama, Comedy",Nia Rani,,,https://www.themoviedb.org/movie/1514720,"A seemingly pleasant evening for Mark and Ella spirals into an emotional crossroads, as they challenge a future that no longer includes both of them."
Pudsey and the Thread of Hope,Shorts (10-29 min),25,,,https://www.bbc.co.uk/programmes/m002p11b,https://www.imdb.com/title/tt38882554/,https://www.themoviedb.org/movie/1603518,"Pudsey and the Thread of Hope follows Jai, a young boy navigating grief after the loss of his father, as he embarks on a journey of healing, hope and "
PUNKS,Shorts (10-29 min),10,Drama,Hannia Yeverino,,https://www.imdb.com/title/tt39134192/,https://www.themoviedb.org/movie/1595715,A vignette of a Houston punk show through the eyes of a lonely teenager.
Queens,Shorts (10-29 min),11,Documentary,Rea Xenitopoulos,,,https://www.themoviedb.org/movie/1596569,"Queens is an intergenerational documentary told entirely through the voices of drag performers. At its centre is legendary entertainer Doug Lucas, who"
Recognition - Reality Tour film,Shorts (10-29 min),25,Adventure,Jake Harris,http://teamreality.co.uk,,https://www.themoviedb.org/movie/1589910,Parkour Tour film following a 5 day road trip taking a group of northerners to 3 southern cities!
REDROOM,Shorts (10-29 min),18,"Horror, Fantasy",DHANUSH ANAND,https://youtube.com/@bingofilmcompany?si=Dqtzs8ajxZYJd9tz,,https://www.themoviedb.org/movie/1603120,What begins as a party game spirals into terror when lies awaken a deadly entity demanding confession.
reload,Shorts (10-29 min),12,Drama,Dalila McFarlane-Martin,,https://www.imdb.com/title/tt35787205/,https://www.themoviedb.org/movie/1495210,"Set in London’s underground club scene, reload follows Dee, torn between caring for her sick grandmother and chasing a long-shelved dream. When she sk"
Repair of Memory,Shorts (10-29 min),16,"Drama, Science Fiction, Action",Ardiansyah Adi Saputra,,,https://www.themoviedb.org/movie/1599048,"Hendri (23), who was repairing a handy talky owned by a customer named Mr. John (50), suddenly found the device making a strange sound, the voice of a"
Rubato,Shorts (10-29 min),15,"Drama, Science Fiction",Josh Kahn,,,https://www.themoviedb.org/movie/1583847,"A burnt-out young opera singer resorts to using a hyper-intelligent A.I. to aid her work, leading to unforeseen consequences."
Salsiccia & Polpetta,Shorts (10-29 min),14,"Horror, Science Fiction",Dominick Edwards,,,https://www.themoviedb.org/movie/1593262,"After consuming the BAMBINO, Dante finds himself trapped inside the Cosmic Elevator, which acts as a bridge between the known and the unknown. The Mon"
Saviyum Suharayum,Shorts (10-29 min),18,"Romance, Drama",Ram Gayathri Krishna,,,https://www.themoviedb.org/movie/1528489,A devout Muslim girl from a strict family falls for a middle-class Christian boy and the couple's fight against cultural boundaries and her father’s w
Scrying Session #2,Shorts (10-29 min),19,,Daniel Zander,,,https://www.themoviedb.org/movie/1588353,"A Triptychal Mixed-Media-Rhizome Intertwining The Notions Of ""Scrying"", ""Vision Quest"", ""LoFi Hauntology"" & ""Butoh""."
SEEING RED,Shorts (10-29 min),23,"Horror, Comedy",Ty Ngaia,,,https://www.themoviedb.org/movie/1599507,"As four film students compete to pitch their perfect horror story, they begin to realize the real terror might be amongst them all along."
Sex,Shorts (10-29 min),11,Drama,Andrej Tomin,,https://www.imdb.com/title/tt39112381/,https://www.themoviedb.org/movie/1592947,"An intimate evening between two teenagers is shaken when their emotions, lusts and secret desires collide with the need to capture everything on a mob"
She Fishes,Shorts (10-29 min),15,Documentary,Sabine Gilley,https://www.sabinegilley.com/portfolio-collections/sabine-portfolio/she-fishes-2025,https://www.imdb.com/title/tt32623383/,https://www.themoviedb.org/movie/1568280,A local fisherwoman navigates her way through a male dominated environment to work in an industry that has been essential to island life for hundreds 
She Screams at Night,Shorts (10-29 min),10,"Horror, Comedy",Dakota Roth,http://www.dakotaroth.com/portfolio/she-screams-at-night,https://www.imdb.com/title/tt37541463/,https://www.themoviedb.org/movie/1511273,"A babysitter is tasked with taking care of a child with night terrors that make her scream incessantly, but she is told in very explicit terms not to "
Shelf Life,Shorts (10-29 min),14,Horror,Tony Pellum,,,https://www.themoviedb.org/movie/1600145,Two young sisters chasing YouTube fame receive a mysterious package containing an Elf on the Shelf—one that may be watching them back.
Sk4te,Shorts (10-29 min),22,Documentary,Stewie Eskridge,,,https://www.themoviedb.org/movie/1603646,"A comprehensive compilation of the best tricks I've done in the video game skate. (2025), colloquially known as Skate 4"
Smoke and Rubber: Inside Modified Car Culture,Shorts (10-29 min),13,"Documentary, Action",Yağmur Canpolat,http://postbellek.com,,https://www.themoviedb.org/movie/1595732,"Speed, emotion, dream. Smoke and Rubber follows the drivers of Istanbul who dedicate it all to modified car culture. Beyond the noise, it traces how s"
SNFU - A Band from Edmonton,Shorts (10-29 min),13,"Music, Documentary",,,,https://www.themoviedb.org/movie/1597839,"In their early years, SNFU built an audience across North America through energetic live performances and a dynamic punk sound. Their 1985 debut album"
Solo,Shorts (10-29 min),26,Drama,Vagif Ismailzadeh,,,https://www.themoviedb.org/movie/1588962,A short film.
SOYBOY,Shorts (10-29 min),17,Drama,Moo Renzaho,,,https://www.themoviedb.org/movie/1594336,"When infamous conservative media outlet The Daily Larrikin becomes the target of a federal investigation into discriminatory hiring practices, produce"
Special Place,Shorts (10-29 min),13,,Matvey Vychugzhanin,,,https://www.themoviedb.org/movie/1572323,A detective is investigating the disappearance of a writer who has not been seen for 30 years.
Squid bottom the top,Shorts (10-29 min),29,"Drama, Comedy",Netipong Singha,https://www.youtube.com/watch?v=QlSn2qmXKCA,,https://www.themoviedb.org/movie/1574177,"A young gay man tries to transform himself to be accepted as a ""Top row squid"" online. He would never know that the community he sought was a space he"
Squirrelly Man,Shorts (10-29 min),10,Documentary,Eric Lockwood,,,https://www.themoviedb.org/movie/1594859,"Squirrelly Man follows the journey of Teddy Treadwell, a young Squirrel Enthusiast who stays in the local park district trying to protect the squirrel"
Starvedlight,Shorts (10-29 min),15,"Fantasy, Horror",Chloe Dover,,,https://www.themoviedb.org/movie/1547029,"In a forgotten corner of medieval England, Adalira, haunted by the spirit of a unicorn, embarks on a perilous quest with her sister Edith into Acre Ho"
State of Mind,Shorts (10-29 min),10,Documentary,Kyle Wigley,,,https://www.themoviedb.org/movie/1592850,A short documentary recounting the life of an anonymous contributor who faces battles against their mental illness.
Straight Line,Shorts (10-29 min),12,"Comedy, Fantasy",Jack Bensinger,,https://www.imdb.com/title/tt39139231/,https://www.themoviedb.org/movie/1595120,A unique man makes unexpected connections while attempting to walk through New York City in a perfectly straight line.
Sub Zero,Shorts (10-29 min),19,Thriller,Collin Glinski,,,https://www.themoviedb.org/movie/1467461,A man wakes up in a sub zero freezer with no way out and no memory of how he got there. A phone rings. He’s not alone.
Sul vivo,Shorts (10-29 min),10,"Drama, Thriller",Francesco Finarolli,,,https://www.themoviedb.org/movie/1556968,"A young home nurse, who has been treating a burn victim for some time, accidentally discovers, during a very hot summer day, that he takes pleasure in"
Sun and Concrete,Shorts (10-29 min),12,"Romance, Drama, Comedy",João P. Bacelar,,,https://www.themoviedb.org/movie/1592183,"Gui, an 18-year-old trying to deal with the grief and legacy of his art curator father, begins his first day at university determined to survive emoti"
Swept By,Shorts (10-29 min),18,Romance,Eleazar Gutierrez,,,https://www.themoviedb.org/movie/1597160,Two dreamers are pulled together by fate.
Tessellations,Shorts (10-29 min),29,"Drama, Science Fiction, Horror",Thornton Cash,,,https://www.themoviedb.org/movie/1592009,"After finding a mysterious object, Ethan becomes addicted to the euphoric feeling it gives."
That's Yer Calzone: a trip to the pictures,Shorts (10-29 min),13,,Brian Limond,,,https://www.themoviedb.org/movie/1595334,"There were about six other people watching the film, in case you're wondering."
The Big Trash,Shorts (10-29 min),11,,Jonathan Emodi,,,https://www.themoviedb.org/movie/1604828,"The Film follows a reality show named ""The Big Trash"" where all the contestants are locked in a house and accept missions from a talking trash bin, wh"
THE BIRTH OF A CANORUS,Shorts (10-29 min),17,,Mohd Arham,,,https://www.themoviedb.org/movie/1605361,"A chance clash between MOHSIN, a thief and FARDEEN, a middle class man, one night leads them down paths that alters both their lives in ways neither c"
The Blue Light Lamp,Shorts (10-29 min),12,"Horror, Thriller, Mystery",Lucas Gabriel Pereira Nóbrega,,,https://www.themoviedb.org/movie/1596461,"The Blue Light Lamp depicts a surreal, dreamlike nightmare."
The Cherry Picker: A Portrait of Frank Piliero,Shorts (10-29 min),10,Documentary,Makai Yllanes,,,https://www.themoviedb.org/movie/1587019,"Francis ""Frank"" Piliero, at the age of 78, explores his lifelong relationship with hockey and what healthy aging means to him."
The Cult of Cage,Shorts (10-29 min),15,"Horror, Thriller",Baylor Way,,,https://www.themoviedb.org/movie/1568649,After the events of Rupert v Nixon the Cult of Cage begins the new leader ritual
The Curse of the Main Guy,Shorts (10-29 min),10,Drama,Sriram Nihar,http://youtube.com/StatementCinema,,https://www.themoviedb.org/movie/1600230,"A man who spends his nights offering emotional support struggles to confront his own inner life by day. Aspiring to be a writer, he drifts through rou"
The Delivery,Shorts (10-29 min),17,,Owen Buxton,https://www.youtube.com/watch?v=nREejJchN-w,,https://www.themoviedb.org/movie/1558935,"On any given night in Boston, there are seventeen hundred DoorDash orders placed and delivered. This is one such order, one such story."
The Fourted-Lie,Shorts (10-29 min),10,,Dariama Ardevan,,,https://www.themoviedb.org/movie/1594415,"Four friends, once inseparable, find their secrets and betrayals unraveling during a church drama performance. As they struggle to keep their true sel"
The Funeral,Shorts (10-29 min),13,,RJ Brown,,,https://www.themoviedb.org/movie/1593761,A young man wakes up to discover that his toothbrush has turned rotten. He feels an overwhelming need to bury it before brushing his teeth with his ne
The Future,Shorts (10-29 min),14,"Drama, Comedy",Fahad Albazi,https://www.youtube.com/watch?v=QGx2Z__As9U,,https://www.themoviedb.org/movie/1605488,"""The Future,"" a short film by Fahad Albazi starring Darnell Tabor III, is a thoughtful exploration of the anxiety and uncertainty young people face wh"
The GlueMan Show,Shorts (10-29 min),14,Comedy,Elías Örn Friðfinnsson,,,https://www.themoviedb.org/movie/1592446,Four contestants are forced to partake in a sketchy game show run by a glue obsessed madman.
The Heist Of The Century II: The Christmas Job,Shorts (10-29 min),22,"Comedy, Action",Harry Stronge,,,https://www.themoviedb.org/movie/1600128,Heist Of The Century II finds Trevor and Jason struggling to get enough cash for the Christmas season. But when a mysterious client offers them a job 
The Holding,Shorts (10-29 min),13,,Stevie Vickery,,,https://www.themoviedb.org/movie/1593939,"Grieving the loss of her lover, a young woman is stranded in a relentless wilderness. In this place where memory and survival blur, she encounters a f"
The House of Cats and Ghosts,Shorts (10-29 min),16,,Ben Langford,,,https://www.themoviedb.org/movie/1590707,Depicted in the film is a conversation between a young man who lost his estranged father and a peculiar figure from his past.
The Jealous Boyfriend and a Man Under the Bed,Shorts (10-29 min),13,"Comedy, Drama",Luke Wolsko,https://lukewolsko.com/the-jealous-boyfriend-and-a-man-under-the-bed,,https://www.themoviedb.org/movie/1602509,"A man breaks into an apartment in an attempt to catch his girlfriend cheating, only to realize he’s in the wrong apartment, hiding under the bed of a "
The Letters,Shorts (10-29 min),14,"Romance, Drama",Scout Georgas,,,https://www.themoviedb.org/movie/1599942,This short film follows a teen girl who finds her parents old love letters. She reads through them as they tell the ups and downs of her parents relat
The Lonely Isles,Shorts (10-29 min),20,"Drama, Comedy",Max Hakim,,https://www.imdb.com/title/tt29894616/,https://www.themoviedb.org/movie/1538034,"Andrew, an awkward 16-year-old, spends his free time writing poetry on a Central Park bench. Stuck in his own head, Andrew is blind to the world aroun"
The Lost Chapter: Yuki's Revenge,Shorts (10-29 min),10,"Action, Animation, Fantasy",Quentin Tarantino,https://www.fortnite.com/@epic/the-lost-chapter-yukis-revenge?lang=en-US,https://www.imdb.com/title/tt39075285/,https://www.themoviedb.org/movie/1588237,"Visionary director Quentin Tarantino had a dream of a Kill Bill chapter that never made it to the silver screen, a chapter known as ""Yuki's Revenge."" "
The Making of A Very Tickle Christmas,Shorts (10-29 min),12,"Documentary, Comedy",Noah Walter,,,https://www.themoviedb.org/movie/1598803,Four friends with with little to no musical talent set out to make a christmas album.
The Man Downstairs,Shorts (10-29 min),20,"Horror, Thriller",Nicolle Carvalho Chagas,,,https://www.themoviedb.org/movie/1592244,"Laura investigates a series of disappearances and seeks out Dona Lurdes, the woman whose report against a suspect shifted the entire case. But as thei"
The Motivator,Shorts (10-29 min),21,"Thriller, Horror",Matteo Moscova,,,https://www.themoviedb.org/movie/1604889,"A Man having a mental breakdown and identity crisis because of the work, the stress of his wife and unboorn child, will he be able to bear all of it?"
The N***'s,Shorts (10-29 min),15,,The Deadpool,,,https://www.themoviedb.org/movie/1579604,The 6th film by the deadpool
The Novas - Part One,Shorts (10-29 min),13,"Drama, Music, Comedy",Rowan Wierda,https://www.youtube.com/watch?v=gNTWGnY0p7U,,https://www.themoviedb.org/movie/1603241,"Every band has some issues, but hopefully they can work through them to show up when it matters most, or even when it matters just a little."
The Obsessive Shadow,Shorts (10-29 min),12,"Horror, Thriller, Action",D. Maxwell,https://www.youtube.com/watch?v=jkV1UC5QD30,,https://www.themoviedb.org/movie/1593593,"Based on the survival indie horror game, The Obsessive Shadow delivers a tense, atmospheric story of a mother and her next-door neighbor fighting to s"
The Other Side of Goodbye,Shorts (10-29 min),11,"Drama, Mystery",Patrick Sorbero,,,https://www.themoviedb.org/movie/1604560,"A tireless man takes a walk one night, hoping to find answers to a problem that he has yet to fully understand."
The Scarecrows' Wedding,Shorts (10-29 min),26,"Animation, Family, Romance",Samantha Cutler,,https://www.imdb.com/title/tt37442492/,https://www.themoviedb.org/movie/1488459,Devoted scarecrows Betty O'Barley and Harry O'Hay are planning a wedding to remember. When Harry insists on leaving the farm to collect one last thing
The Serial Cereal Eater 2: The Second Spooning,Shorts (10-29 min),15,"Horror, Comedy",Caleb Torgerson,,,https://www.themoviedb.org/movie/1596794,The whole world thinks he's gone but he comes back and is more disturbing than ever before. The Serial Cereal Eater goes around a local college campus
The Skipper Social Quarter Hour,Shorts (10-29 min),25,"Comedy, Fantasy",Brett Schutt,,,https://www.themoviedb.org/movie/1512918,"The Skipper is a television personality who likes to collect the strangest guests to talk to, from all walks of life. Creatures like The Mothman or Di"
The Sound of Water Footsteps,Shorts (10-29 min),18,Documentary,Ali Rowshani,,,https://www.themoviedb.org/movie/1466725,A documentary with images and views of Taq-e Bostan in Kermanshah and poems by Sohrab Sepehri.
The Street Photographer,Shorts (10-29 min),15,Drama,Rick van Wijk,,,https://www.themoviedb.org/movie/1515714,"Matthijs is a street photographer in Amsterdam, aiming to succeed and grow within his profession. A new client gives him a unique photography assignme"
The Supply Teacher,Shorts (10-29 min),23,Drama,Bryan Lamb,,,https://www.themoviedb.org/movie/1591095,"A Supply Teacher returns to his old college to teach, but after bonding with an autistic student, he soon finds, the college isn't how it used to be."
The Tree and the Life: A Poem,Shorts (10-29 min),13,,Alga Wahyu Aditya,,,https://www.themoviedb.org/movie/1601414,An experimental short film based on a poem “The Tree and the Life” by Alga Wahyu Aditya. We could listening he read his own poem with nature sounds th
The True Story of Club L,Shorts (10-29 min),22,Documentary,Pascale Marcotte,,,https://www.themoviedb.org/movie/1595658,"Discover the wild, passionate, and utterly improbable journey that led to the creation of Club L."
The Wayfarer and the River of Longing,Shorts (10-29 min),22,Documentary,Bashir Sayyah,,,https://www.themoviedb.org/movie/1598580,"Inspired by The Seven Valleys, the film follows a solitary wayfarer who steps onto a spiritual journey of self-knowledge, guided not by destination bu"
The Wharf,Shorts (10-29 min),11,Drama,Leo Cromie,,,https://www.themoviedb.org/movie/1597103,The Wharf is about two brothers reconnecting after not seeing each other for a while. The older brother Ethan is doing really good in life while his y
The Whistler,Shorts (10-29 min),13,"Horror, Science Fiction, Fantasy, Drama, Crime, Thriller",Genesis Gutierrez,,,https://www.themoviedb.org/movie/1590437,"Trapped between the afterlife, Azul looks for her missing mom. Among dark rituals and treachery, she fights for the liberation of both souls, all whil"
Thirst For Victory,Shorts (10-29 min),15,,Jasper,,,https://www.themoviedb.org/movie/1517364,Meet the misfit crew spanning from sentient food to poison as they compete for an unknown prize! Full plot synopsis TBA
Time For Single Santa Jr. To Seek A Princess Coming Home For A Christmas Carol With Mrs. Miracle's Magic Stocking And Matchmaker Santa's Three Wise British Ninja Elves And A Boy: The Rudolph Incident,Shorts (10-29 min),24,"Comedy, Romance",Zack Treharne,,,https://www.themoviedb.org/movie/1603676,"The ultimate culmination of the Hallmark Christmas movie tropes. After losing her husband on Christmas Eve, Holly doesn't understand the meaning of Ch"
To You I Believe,Shorts (10-29 min),14,,Leonathan Ivander,,,https://www.themoviedb.org/movie/1604600,"Rafi, a religiously devout young man who rejects all forms of idolatry, has his life upended by personal hardship. Consumed by grief and despair, he l"
Tractor Ted Combine Time,Shorts (10-29 min),10,"Family, Documentary, Animation",,,,https://www.themoviedb.org/movie/951567,It's time to harvest the wheat on the farm so Farmer Tom shows Tractor Ted and Midge the dog the combine harvester that he needs for the job. It's so 
Tractor Ted Feathered Friends,Shorts (10-29 min),10,"Documentary, Family, Animation",,https://tractorted.com/,,https://www.themoviedb.org/movie/958790,Where do eggs come from? Do you know?  Chickens!!!  Tractor Ted is off to the farm to see them with his friends Farmer Tom and Midge the dog. Sing alo
Tractor Ted Hello Ewe!,Shorts (10-29 min),10,"Documentary, Family, Animation",,https://tractorted.com/,,https://www.themoviedb.org/movie/959531,Tractor Ted joins Farmer Tom who has gone to his friend’s farm to help milk the sheep! Did you know you can get milk from sheep (ewes)? Les has a terr
Tractor Ted Juicy Squeezy,Shorts (10-29 min),10,"Documentary, Family, Animation",,https://tractorted.com/,,https://www.themoviedb.org/movie/959573,"Join Tractor Ted and his real life farm friends Farmer Tom, Midge the dog and Merlin the pony as they discover what’s going on at the farm. Meet some "
Tractor Ted Moooovie Time,Shorts (10-29 min),10,"Documentary, Family, Animation",,https://tractorted.com/,,https://www.themoviedb.org/movie/959524,Find out what cows are fed and how their meals are prepared with the massive mixer. Farmer Tom and Les get the cows beds ready and then bring them in 
Tractor Ted Munchy Crunchy,Shorts (10-29 min),10,"Documentary, Family, Animation",,,,https://www.themoviedb.org/movie/951565,"Join Farmer Tom and Midge to find out where carrots come from. See where they grow and how they're harvested. Plus, see the very big machine that chop"
Tractor Ted Timberrrr!,Shorts (10-29 min),10,"Documentary, Family, Animation",,https://tractorted.com/,,https://www.themoviedb.org/movie/959528,Farmer Tom and Les are busy mending the fencing on the farm but where do the fence posts come from Tractor Ted wonders. He goes off to find out and di
Two Colour Theorem,Shorts (10-29 min),18,"Drama, Science Fiction",Ahir,https://m.youtube.com/watch?v=4fQVyS5j7lE,,https://www.themoviedb.org/movie/1597265,"This is a promotional video for MISER (Meta Institute of Science Education and Research), brought to you by one of our students. What could possibly g"
"Two of Head, Two of Tongue",Shorts (10-29 min),12,"Comedy, Romance",Angel David Galvan,,,https://www.themoviedb.org/movie/1600586,"A young Mexican woman (Reyna) is hungry for tacos, her young Mexican-American friend  (Romel) is hungry for her. Aware of her charm over him she uses "
"UFO’s: Real, Imagined, or Both?",Shorts (10-29 min),20,Documentary,Dr. Bill Ding,,,https://www.themoviedb.org/movie/1595795,"Was what happened to seven friends in Happy, Texas a real alien abduction, or was it a matter of hoax? Was it reality, or something more sinister?"
Unmatched,Shorts (10-29 min),11,"Comedy, Drama, Fantasy",David Robitaille,,https://www.imdb.com/title/tt38785101/,https://www.themoviedb.org/movie/1593588,"Charlie finds himself caught in a time loop inside a dream, reliving an awkward encounter again and again, each time hoping for a different outcome."
Unnai Arindhaal,Shorts (10-29 min),11,Drama,Praveen Sey,,https://www.imdb.com/title/tt39150026/,https://www.themoviedb.org/movie/1499791,A path to self discovery where the line between reality and inner voice blurs.
Unruly,Shorts (10-29 min),11,Horror,Ben Kiedrowski,,,https://www.themoviedb.org/movie/1596515,"When the responsibilities of tending to a haunted house are forced upon young Sam, she must fight to survive as she completes nightly tasks to keep th"
Uprising,Shorts (10-29 min),14,"Comedy, Science Fiction, Thriller",Harvey Neary,,,https://www.themoviedb.org/movie/1601395,"An artificial intelligence company CEO orders the destruction of humankind, leaving a lone survivor to navigate the aftermath."
Valley Underground,Shorts (10-29 min),22,Music,Carlos Lopez,,,https://www.themoviedb.org/movie/1422593,A short documentary on the underground music scene of the Rio Grande Valley.
Vapor Trails,Shorts (10-29 min),10,Comedy,Matt Jenkins,https://www.misfitsoffilm.com/vapor-trails.html,https://www.imdb.com/title/tt38516404/,https://www.themoviedb.org/movie/1604992,"Mandy has just given Jethro an ultimatum, quick vaping or else. His friend Chuck thinks its going to be easy to quit."
Varnished,Shorts (10-29 min),12,"Comedy, Crime",Tom Taplin,http://chimeralab.co.uk/work/varnished,https://www.imdb.com/title/tt34425107/,https://www.themoviedb.org/movie/1597059,"In the quiet English suburbs of Oak Valley, something is afoot…  When a local couple’s irreplaceable dining table mysteriously vanishes, the village b"
Veena Saraswathi,Shorts (10-29 min),21,Drama,Kasha Dhanush,,,https://www.themoviedb.org/movie/1598175,"""I think Gods, watching me what I become"""
Veins Are Rivers Too,Shorts (10-29 min),27,"Documentary, Adventure",Miles Gordon,,,https://www.themoviedb.org/movie/1592318,"Navigating the wilderness of subarctic Quebec, a motley crew discovers something ineffable."
Wallflower,Shorts (10-29 min),13,"Drama, Horror",Archie Hurwitz,,,https://www.themoviedb.org/movie/1600685,"A university student suffering from insomnia discovers that knocking himself unconscious is the only way he can sleep at night, leading him down a dar"
We won't give up!,Shorts (10-29 min),11,War,Josef Jan Abrhám,,,https://www.themoviedb.org/movie/1602918,A short film about the story of a Czechoslovak bunker crew who decided to stand up to the Munich ultimatum. The film is proof that even an individual 
"when you're gone tomorrow dad, i'll bring you sunflowers from home",Shorts (10-29 min),20,Documentary,Kyle Demot,,,https://www.themoviedb.org/movie/1596619,A thesis short film by Kyle Demot
White Flower.,Shorts (10-29 min),10,Drama,Tama Pramudya,,,https://www.themoviedb.org/movie/1589574,"Naya once had an older brother named Naru, who died by suicide after suffering from toxic masculinity and relentless bullying at school. Years after h"
Witch,Shorts (10-29 min),16,"Drama, Horror",Charisse Gwyneth Averion,,,https://www.themoviedb.org/movie/1600298,"After her husband’s murder, a widow sets out to seek justice on her own, confronting a system that has abandoned the poor."
XOXO,Shorts (10-29 min),25,,Leonardo Angel Angulo,,,https://www.themoviedb.org/movie/1579856,"The seemingly perfect life of Chloe, a recognized influencer, turns upside down when one of her classmates finds out her little secret: she's cheating"
You Were My Passion,Shorts (10-29 min),21,"Romance, Drama",Lucas Verbena,,,https://www.themoviedb.org/movie/1599008,"Marcela and Elisa bond during the college freshmen orientation. Their mutual interest in getting to know each other elevates the relationship, leading"
't Geluud,Micro (<10 min),0,"Drama, Mystery",Elias Dieusaert,,https://www.imdb.com/title/tt39227681/,https://www.themoviedb.org/movie/1601783,
'The Aphorisms of the Circus',Micro (<10 min),2,Horror,Jack Madden,,,https://www.themoviedb.org/movie/1598383,Trying to reason the meaning behind where one goes to think about the ownership of knowledge. The haunting love one must have to understand.
(H)omer's dream,Micro (<10 min),8,,Nedim Ćefo,,,https://www.themoviedb.org/movie/1602033,"In a classroom governed by authority and obligation, a student is assigned to create a film based on The Iliad and The Odyssey. As pressure mounts, th"
...И снова день,Micro (<10 min),0,Drama,Адияр Дюсетай,,,https://www.themoviedb.org/movie/1604643,
108 spin,Micro (<10 min),5,"Documentary, History",arco,http://www.arcocollective.org,,https://www.themoviedb.org/movie/1597430,"A kinetic prayer and structuralist intervention. Shot entirely on an iPhone 11 in a desolate Midwest laundromat, 108 spin documents the mechanics of i"
111,Micro (<10 min),5,Horror,Aja Vail,,,https://www.themoviedb.org/movie/1599261,A woman watches television.
12 Hours in October,Micro (<10 min),0,Drama,Danny A. Abeckaser,,https://www.imdb.com/title/tt38625398/,https://www.themoviedb.org/movie/1566665,"Inspired by the events of October 7, 2023, the film depicts the separate points of view of different characters as they face the terror and chaos of t"
2024.,Micro (<10 min),0,Documentary,Anaël Mouillevois,,,https://www.themoviedb.org/movie/1595516,
25 ans de Laurent Gerra à la radio,Micro (<10 min),0,"Documentary, Comedy",,,,https://www.themoviedb.org/movie/1601688,
"3000 entries, 49 exits",Micro (<10 min),7,"Animation, Drama, Adventure, Fantasy",Vouge Ewigeliebe,,,https://www.themoviedb.org/movie/1359688,"A girl takes her own life and ends up stranded in Limbo. Upon arriving and seeing Death from afar, she wants to finish the job; but on the journey, sh"
5 Past 12,Micro (<10 min),0,"Drama, Thriller",Kevin van Doorslaer,,https://www.imdb.com/title/tt35077583/,https://www.themoviedb.org/movie/1604095,
5 STAGES OF GRIEF,Micro (<10 min),9,"Family, Drama",Kayyisa Shareefa,,,https://www.themoviedb.org/movie/1593511,"Adnan is a guy who feels lost after his brother—his only family, died. He feels like he has no one left, even though his girlfriend, Gisel, is by his "
789,Micro (<10 min),7,"Action, Comedy",Jackson Driver,,,https://www.themoviedb.org/movie/1595486,Why was 6 getting revenge on 7? Because 7 8 9...
8 fps,Micro (<10 min),5,"Documentary, Animation",Zahid M Ornelas,,,https://www.themoviedb.org/movie/1605562,Pictures taken between France and Mexico running at 8 frames per second.
[Untitled] - Ébauche,Micro (<10 min),1,Horror,Anthony Reed,https://www.youtube.com/watch?v=yIE3eLxulwg,,https://www.themoviedb.org/movie/1604555,a bleak winters day
A Discussion about Nothing,Micro (<10 min),8,"Drama, Comedy",Alexander Bo Vincentz Larsen,,,https://www.themoviedb.org/movie/1262076,"At Sunday brunch, Jannik wants to try something new, but his girlfriend Christina pressures him to choose the usaual a Croissant. This sparks an argum"
A Gift In The Cold,Micro (<10 min),3,Action,Billy Vickerstaff,https://www.youtube.com/watch?v=JFfN8Ocne3E,,https://www.themoviedb.org/movie/1603951,"A man walks through the city of Liverpool with his shopping, when he encounters 2 elves who will change his life forever."
A Hair Short,Micro (<10 min),1,Animation,Stelios Georgallides,,,https://www.themoviedb.org/movie/1597314,A lensless exploration of hair on 35mm film.
A Hundred Acre Christmas,Micro (<10 min),0,"Animation, Family",,,,https://www.themoviedb.org/movie/1326363,An animated holiday movie based on Winnie the Pooh.
A Hundred Birdfolks,Micro (<10 min),2,,Saz Akhand,,,https://www.themoviedb.org/movie/1579490,Short film by Saz Akhand
A HÓKUPAC projekt,Micro (<10 min),0,"Animation, Family",Kiss-Honti Anna,,,https://www.themoviedb.org/movie/1594875,
A Lie to Save My Life,Micro (<10 min),0,Documentary,Luka Alli-Smith,,,https://www.themoviedb.org/movie/1405306,A Lie to Save My Life is an abstract diary film reassembling old footage and integrating it with new shots intended for a different film. An experimen
A Love in Brief,Micro (<10 min),2,"Romance, Drama",Lyra Noblet,,,https://www.themoviedb.org/movie/1593276,"An Intimate portrayal of the love between a couple, cut short by tragic circumstances."
A Man Trying to End His Life,Micro (<10 min),0,Thriller,Fayyadh Shabirrijal M,,,https://www.themoviedb.org/movie/1596149,"Shattered by the death of his beloved, Hardi had tried countless times to kill himself. But in the end, he discovered a way to redirect that urge: by "
A Sign to Try,Micro (<10 min),7,"Family, Drama",Ryan Stalker,,,https://www.themoviedb.org/movie/1597190,"A Hard-of-Hearing highschooler rejects her ASL roots to fit into the acting world, but some coaxing from her mom reveals how interconnected those two "
A Soulful Christmas,Micro (<10 min),0,"Romance, Music",Cas Sigers-Beedles,,https://www.imdb.com/title/tt36435922/,https://www.themoviedb.org/movie/1574386,"When the children of two legendary — and feuding — R&B artists are forced to collaborate on a holiday song remake, their rivalry turns into unexpected"
A Summer Story,Micro (<10 min),2,Romance,Erik Hestad,,,https://www.themoviedb.org/movie/1600692,A story about a boy and a girl falling in love during summer.
A walk in the park,Micro (<10 min),3,Family,Adam Toland,,,https://www.themoviedb.org/movie/1601851,"Two friends meet for the first time in one year at their favorite park, and walk."
AAA Guerra de Titanes,Micro (<10 min),0,,,,,https://www.themoviedb.org/movie/1601665,"Titans will clash as NXT North American Champion Ethan Page challenges El Hijo de Dr. Wagner Jr. for the AAA Latin American Championship, AAA World Cr"
Adam.exe,Micro (<10 min),0,Drama,Loïs Ortola,,,https://www.themoviedb.org/movie/1603127,
Afraid,Micro (<10 min),5,Drama,Alija Skomorac,,https://www.imdb.com/title/tt35103909/,https://www.themoviedb.org/movie/1593916,"Elija is afraid of growing old and the responsibilities that come with it, but now he has to face his fear and accept reality."
Afraid?,Micro (<10 min),0,Horror,,,,https://www.themoviedb.org/movie/1578489,A group of 5 daring high school teenagers takes a weekend trip to the woods during Halloween. What starts off as a thrilling adventure quickly turns d
After Everything,Micro (<10 min),2,"Drama, Family",James Challis,,https://www.imdb.com/title/tt39119899/,https://www.themoviedb.org/movie/1593779,"A daughter tries to end her relationship with her volatile mother, but their goodbye unravels into a painfully honest conversation neither expected. I"
Ainda há espaço para nós,Micro (<10 min),0,Documentary,Gabriel Mac-Lins,,,https://www.themoviedb.org/movie/1571771,
Akai Ito,Micro (<10 min),3,"Adventure, Thriller, Drama",César F. P. Falkenburg,,,https://www.themoviedb.org/movie/1600645,An experiment between film noir and digital footage of a road trip
Akujira: The Evil Serpent from Space,Micro (<10 min),4,"Comedy, Thriller, Science Fiction",Marcus Majer,,,https://www.themoviedb.org/movie/1593703,"After escaping the laboratory where he is captive, Akujira, a giant space lizard, enjoys a day at the parc."
Alice & Jim,Micro (<10 min),3,,Kielan Ellis,http://www.512red.com,,https://www.themoviedb.org/movie/1596395,"Two people searching for the other, missing each other until the right moment."
Alien: First Contact,Micro (<10 min),8,"Horror, Thriller, Science Fiction",David Encalada,,,https://www.themoviedb.org/movie/1604177,"When a Weyland worker, Jessica, becomes unresponsive, Michael is called to check out the scene. During his investigation, he realizes things aren't ri"
All Cops Are Bovids,Micro (<10 min),0,"Animation, Romance, Mystery",Nathan Bourduge,,,https://www.themoviedb.org/movie/1597540,
Alletiders Juleshow 2025,Micro (<10 min),0,,,,,https://www.themoviedb.org/movie/1600816,
allure: a re-imagining of light sleeper,Micro (<10 min),7,,Nicole Won,,,https://www.themoviedb.org/movie/1547592,"A recovering drug addict on the brink of relapse runs into their ex, a sober drug dealer who reminds them of the life they used to share together."
"ALMOST, JIMMY",Micro (<10 min),9,Comedy,Daniel Nelsen,https://www.youtube.com/watch?v=_4dxDM-18aQ,,https://www.themoviedb.org/movie/1595750,"ALMOST, JIMMY is a short parody about small talk that lasts far too long. Inspired by Almost, Maine’s “Sad and Glad,” the film follows a chance encoun"
An important film about,Micro (<10 min),1,,,,,https://www.themoviedb.org/movie/1600905,"1 min short film, about…"
An Itch To Scratch,Micro (<10 min),5,Horror,Hervey Bracken,,,https://www.themoviedb.org/movie/1595706,A man must resist the urge to scratch.
And Then There Was One,Micro (<10 min),3,Comedy,Adebayo Oduwole,,https://www.imdb.com/title/tt37962027/,https://www.themoviedb.org/movie/1583658,"In Lagos, two paths cross for a fleeting moment that could mean nothing—or everything."
André Jakobsen: SUCKERPUNCH,Micro (<10 min),0,,,,,https://www.themoviedb.org/movie/1597689,
Anouk,Micro (<10 min),0,Drama,Nathaniel Basso,,,https://www.themoviedb.org/movie/1579512,
ANTÍTESE - esse PUTZ¡ não é igual...,Micro (<10 min),0,"Action, Comedy, Mystery",Maria Fernanda Costa,,,https://www.themoviedb.org/movie/1598625,
ANTÓNIO MARIA LISBOA,Micro (<10 min),0,,Salvador Romão,,,https://www.themoviedb.org/movie/1598374,
"Anything You Can Sleigh, I Can Sleigh Better",Micro (<10 min),4,"Comedy, Music",Joseph Gerbino,,,https://www.themoviedb.org/movie/1600993,Who can deck the halls draggier? Bob The Drag Queen and Monét X Change sing a carol as they compete over who can do everything better than who. Who wi
Apna Kya Lena Dena,Micro (<10 min),8,Comedy,Aziz Narsi,,https://www.imdb.com/title/tt39282302/,https://www.themoviedb.org/movie/1604988,"When Akbar Chacha fails to arrive for his daily walk, his neighbors speculate on the reasons behind his mysterious disappearance."
At a Time Like This,Micro (<10 min),8,"Comedy, Drama",Evan Maiorini,,,https://www.themoviedb.org/movie/1596184,Two friends argue in the midst of the apocalypse.
Atmospheric Offence,Micro (<10 min),9,Thriller,Matthew Swiezynski,,,https://www.themoviedb.org/movie/1593194,Atmospheric Offense is an interpretation of Ida Lupino’s 1953 Noir Thriller The Hitch-Hiker that explores how narrative both remains and disappears wh
Até Onde o Mar me Leva,Micro (<10 min),2,Drama,Luna Lee,,,https://www.themoviedb.org/movie/1572948,"A boy arrives at the beach and decides to record an audio message for his friend. He talks about his fear, his loneliness, and this strange desire to "
Audrey the Vampire,Micro (<10 min),3,"Drama, Fantasy",Drew Johnson,,,https://www.themoviedb.org/movie/1592109,"Audrey, a vampire is followed by the ghost of Florence, her friend who passed away exactly one year ago."
Autoscopic Paranoia,Micro (<10 min),5,"Horror, Mystery",Joseph Robinson,,,https://www.themoviedb.org/movie/1601948,"A man wanders into the mist towards an unknown destination. Within it lurks something he has seen before, something he does not wish to encounter agai"
Avenue de l'Opéra,Micro (<10 min),1,,Josephine Allegretti,,,https://www.themoviedb.org/movie/1605175,Remake of the 1900 Alice Guy-Blaché short showing a Paris street in reverse.
Averti addosso,Micro (<10 min),0,Comedy,Paolo Gandini,,,https://www.themoviedb.org/movie/1598699,
Avesso,Micro (<10 min),0,"Mystery, Drama",João Pedro Tonet Mazzeto,,,https://www.themoviedb.org/movie/1600723,
BABYMONSTER “LOVE MONSTERS” JAPAN FAN CONCERT 2025 LIVE IN TOKYO,Micro (<10 min),0,,,,,https://www.themoviedb.org/movie/1595526,
Bairro,Micro (<10 min),0,Drama,Lucas D. Silva Santos,,,https://www.themoviedb.org/movie/1596325,
Balettskolan - vad hände sen?,Micro (<10 min),0,Documentary,,,,https://www.themoviedb.org/movie/1596066,
Balloons,Micro (<10 min),9,"Drama, Romance",Isaiah Henderson,,,https://www.themoviedb.org/movie/1598568,"In the aftermath of a fleeting queer romance, a young man drifts through memory, loss, and quiet resilience, discovering that some loves are brief not"
BANANAS,Micro (<10 min),4,"Romance, Thriller, Comedy, Drama",Jonah Koreen,,,https://www.themoviedb.org/movie/1595511,A man tries to resist the temptation of his roommate's seductive banana.
Banyard Hide,Micro (<10 min),5,"Adventure, Mystery",James Woodberry,,,https://www.themoviedb.org/movie/1555946,"A group of three boys go for an adventure in the woods. As they begin their journey they encounter some roadkill, leading to mixed reactions about how"
BARBACENA: FUTEBOL & MEMÓRIA,Micro (<10 min),0,Documentary,Antônio M. Dias,,,https://www.themoviedb.org/movie/1600874,
Baton Street,Micro (<10 min),0,,Leo Canali,,,https://www.themoviedb.org/movie/1596097,
Beaver Marsh,Micro (<10 min),7,"Drama, Family",Rowan Benda,https://www.youtube.com/watch?v=P4nu9nfgCas,,https://www.themoviedb.org/movie/1593217,"In auteur Rowan Benda's absurdist family drama, estranged quadruplets reunite as their childhood land is overrun by a group of beavers and family secr"
BENORMALINE,Micro (<10 min),3,"Drama, Comedy",Madeleine Hughes,,,https://www.themoviedb.org/movie/1596973,"A drained and unfulfilled housewife tries out a new miracle drug: Benormaline. The product promises great results; however, is it as great as it makes"
Betsy Needs a Wee,Micro (<10 min),1,"Action, Comedy, Adventure",,https://www.youtube.com/watch?v=IRZOzFQsX3s,,https://www.themoviedb.org/movie/1598963,"Betsy needs a wee, what's gonna happen?!"
Blackout,Micro (<10 min),0,"Drama, Mystery, Comedy",Bianca Bueno,,,https://www.themoviedb.org/movie/1603218,
Boiled Alive,Micro (<10 min),0,,Jaxon Whittington,http://boiledalive.com,,https://www.themoviedb.org/movie/1582838,DIIV's final creative installation of the frog era. Mental processing time is estimated at ‹1-10hr) of contemplation upon completion. Image and words 
Bound By a Promise,Micro (<10 min),0,Action,Gao Chenggang,,,https://www.themoviedb.org/movie/1597414,Retired soldier Chen Shisan accepts a high-risk mission to escort the captured thief Su Huan to Baimagu Pass. As vengeful foes and bounty hunters laun
Breakin' Branch,Micro (<10 min),0,Documentary,Noah Tanamal,,https://www.imdb.com/title/tt39183573/,https://www.themoviedb.org/movie/1598825,
Breath of Decision,Micro (<10 min),3,Drama,Dariama Ardevan,https://www.youtube.com/@pickyeater1612,,https://www.themoviedb.org/movie/1552223,"A contemplative short film that follows Shaqille Jayawinata, a young man haunted by faint whispers growing louder within his solitude. Torn between tr"
broken chains (a short film by samuel elias),Micro (<10 min),3,Western,Samuel Elias,http://youtube.com/watch?si=4owI2IzxiglZtBUl&v=kgWwzvBB82o&feature=youtu.be,,https://www.themoviedb.org/movie/1602128,A western student film shot in black and white for the audio recording technology program at vanier college
Bruce Lee. Dentro del dragón,Micro (<10 min),0,Documentary,,,,https://www.themoviedb.org/movie/1596046,
Bunny Eats Tiger,Micro (<10 min),7,"Drama, Fantasy",Gabi Rivero,,,https://www.themoviedb.org/movie/1544445,15 year old Lana finds a spellbound book on her way to school. The strange book foretells a murderous tiger coming to kill them and everything in thei
but they were kissing,Micro (<10 min),1,"Drama, Romance",Patrick Linehan,,,https://www.themoviedb.org/movie/1599930,"but they were kissing: a short, short film inspired by the song by Kevin Atwater."
Button,Micro (<10 min),5,"Thriller, Drama",Eshaan Ghosh,,,https://www.themoviedb.org/movie/1571641,A couple receives a box with a button that promises riches at the cost of a stranger's life. A single home setting with a moral dilemma.
Canada for the Masses,Micro (<10 min),4,"Documentary, War",Vincenzo Nappi,,,https://www.themoviedb.org/movie/1598809,"Canada for the Masses is a reflective, found-footage experimental documentary that critiques the federal branding of Canada for its persistent efforts"
Car Park,Micro (<10 min),3,,,https://www.wzrdlore.com/,,https://www.themoviedb.org/movie/1597141,Two men meet in a car park for a secret rendezvous.
CARROTS,Micro (<10 min),8,"Drama, Fantasy",Lefty Korine,,,https://www.themoviedb.org/movie/1598867,An experimental short film by Lefty Korine.
Catstanbul,Micro (<10 min),9,Documentary,Levent Türkan,http://postbellek.com,,https://www.themoviedb.org/movie/1601275,"We take a closer look at Istanbul’s cats, their history, and their place in civilization during a short tour of the Cihangir neighborhood with Gündüz "
cellophane,Micro (<10 min),1,"Science Fiction, Mystery, Thriller",Lucas Paschoal,,,https://www.themoviedb.org/movie/1598063,"a girl feels lonely until someone joins her for dinner, but they aren't just any guest."
Cellophane,Micro (<10 min),0,"Thriller, Crime",Luca Pasqui,,,https://www.themoviedb.org/movie/1592936,
CHAKRAVYUH,Micro (<10 min),6,Action,Ramesh Menon,,,https://www.themoviedb.org/movie/1593606,"A chef-in-disguise assassin from Japan and a Kerala cop converge on one colony, each pursuing the same target with their own motives."
Chartowo Tower,Micro (<10 min),0,Documentary,Stargate,,,https://www.themoviedb.org/movie/1418002,Exploration of the tilted tower of Poznań
Chasing Whales in the Sea of ​​Clouds,Micro (<10 min),4,,,,,https://www.themoviedb.org/movie/1601752,"It is a silent beacon in the sea of clouds, guiding our eternal course."
Cherry on Top,Micro (<10 min),4,Romance,Kathleen Balaoing,,https://www.imdb.com/title/tt39254376/,https://www.themoviedb.org/movie/1603329,A young man recounts his unforgettable experiences with a woman named Cherry.
Chi Yan 1945,Micro (<10 min),0,"History, War",,,,https://www.themoviedb.org/movie/1590028,
Chintane,Micro (<10 min),5,,Arjun Rao,,,https://www.themoviedb.org/movie/1563326,An aging South Asian man remembers the words his Tata shared with him as a boy at his father’s Shraddha ceremony.
Christmas 911,Micro (<10 min),9,Drama,Max Sanchez,,,https://www.themoviedb.org/movie/1595873,"When a film producer receives a Christmas bonus from his company, he journeys all over the city in pursuit of a car for his girlfriend."
Christmas Project: หิมะฤดูร้อน,Micro (<10 min),0,,Siraphop Punmanee,,,https://www.themoviedb.org/movie/1603792,
Chronophotography,Micro (<10 min),5,"Drama, Science Fiction, Thriller, Mystery, Horror",Jude DeWit,https://www.youtube.com/watch?v=kZ_ZYWXRNJ8&t=11s,,https://www.themoviedb.org/movie/1600137,"A high school girl stumbles upon a phone with images of the future, the more she looks, the less she can trust her own reality."
Cigarettes,Micro (<10 min),0,Drama,Sara Di Nardo,,,https://www.themoviedb.org/movie/1591457,"In the final hours before the New Year strikes, Anna and Zoe step away from the party’s chaos and find themselves connecting over shared cigarettes. T"
Cinco Tonos De Verdad,Micro (<10 min),0,Drama,Adi Kutner,,,https://www.themoviedb.org/movie/1602324,
COLLEGE,Micro (<10 min),3,"Adventure, Comedy",Eddie Kowalinski,https://www.youtube.com/watch?v=X51ZLwaxLvA,,https://www.themoviedb.org/movie/1594665,A college student rushes to class to avoid academic probation.
Come Home,Micro (<10 min),6,"Drama, Science Fiction",,,,https://www.themoviedb.org/movie/1597403,Phoenix and Mary recall the events of First Light and the one night that changed their lives forever.
Comedown,Micro (<10 min),7,Drama,Anna Christopoulou,,https://www.imdb.com/title/tt39052899/,https://www.themoviedb.org/movie/1591103,"COMEDOWN follows a portrayal of a woman in the throes of drug addiction - through two female actors embodying different states - one high, the other i"
Comfy and Cozy Are We,Micro (<10 min),5,"Comedy, Horror",Riley Meadows,https://www.rileysraspberry.com/my-films/comfy-and-cozy-are-we,,https://www.themoviedb.org/movie/1590023,"Is ""Last Christmas"" a good song?"
Como Domar um Coroa,Micro (<10 min),0,"Drama, Romance, Action",Hudson Vianna,,,https://www.themoviedb.org/movie/1563325,
Concert Anh Trai Vượt Ngàn Chông Gai Day 3 & 4,Micro (<10 min),0,,,,,https://www.themoviedb.org/movie/1602315,Day 3 and 4 in the series of concerts from the TV show Anh Trai Vượt Ngàn Chông Gai (Call Me by Fire).
Confessions on a Setting Sun,Micro (<10 min),7,Drama,Evan John,,,https://www.themoviedb.org/movie/1597583,"Where the day masks, the night reveals."
Connection,Micro (<10 min),7,Drama,Ira Cramp,,,https://www.themoviedb.org/movie/1585144,Two lonely souls briefly connecting while on entirely different paths.
Controller,Micro (<10 min),7,,Clint Younkin,,,https://www.themoviedb.org/movie/1603133,"In this dark and unknown universe, an age of consumption has enslaved society and almost all are bound by their obsessions. A particular man desires n"
Convergence : The Prequel,Micro (<10 min),6,"Science Fiction, Drama, Documentary",Siddharth Kumaresan,,,https://www.themoviedb.org/movie/1602694,"This Film is the Prequel story of The Movie ""Convergence"" which is yet to be released on 6th of June 2026."
Coping with a Situation,Micro (<10 min),0,"Romance, Drama",Alv Wilhelmsen,,,https://www.themoviedb.org/movie/1497137,"A depressed teenage girl leads a monotonous life, which is shaken up by a painful accident and a chance encounter she never would've expected."
Corso Crisalli,Micro (<10 min),3,,Kielan Ellis,http://www.512red.com,,https://www.themoviedb.org/movie/1596389,A short documentary about the neighbourhood Corso Italia in Toronto.
Countdown,Micro (<10 min),1,,Aleph,,,https://www.themoviedb.org/movie/1601213,Experimental short film
CRIMINAL,Micro (<10 min),0,"Drama, Crime, Mystery",Nolan Bord,,,https://www.themoviedb.org/movie/1594805,
CRONY,Micro (<10 min),5,"Family, Drama, Romance",Reece Pascoe,,,https://www.themoviedb.org/movie/1548890,A young girl overcomes an emotional struggle following living within a unhealthy environment with the help of a returning friend.
crow.mp4,Micro (<10 min),4,,Gabriel Francisco,,,https://www.themoviedb.org/movie/1605744,"A camera was found at the scene where multiple people have vanished, the footage stirs rumors about local legend Mr. Crowe."
CYCLING CITIES,Micro (<10 min),0,Documentary,,,,https://www.themoviedb.org/movie/1599116,
Daniel Lill - Det næste skridt,Micro (<10 min),0,Comedy,,,,https://www.themoviedb.org/movie/1604478,
Danmarks Største Kandis Koncert,Micro (<10 min),0,Music,,,,https://www.themoviedb.org/movie/1600022,
Date,Micro (<10 min),0,Romance,Sudikshya Tulachan,,,https://www.themoviedb.org/movie/1593417,"Two people prepare for their date in completely different moods, shown in split screen until they meet."
Date Night,Micro (<10 min),6,"Romance, Horror, Thriller",Autumn Davis,,,https://www.themoviedb.org/movie/1593158,Cassey and Jesse take a romantic stroll down Main Street. Their little date night is going well... until it takes a turn.
Dead Bloom,Micro (<10 min),0,Horror,Damien Paris,,https://www.imdb.com/title/tt34842418/,https://www.themoviedb.org/movie/1605429,
Deadly Christmas in Groland,Micro (<10 min),0,"Comedy, Horror, TV Movie",Sylvain Fusée,,,https://www.themoviedb.org/movie/1591705,"When the Groland teams take on the concept of Christmas, it's a safe bet that there will be dark humor under the tree and tasty sketches as the main c"
Dear EICAR,Micro (<10 min),0,Fantasy,Charlie Oliveira Christol,,,https://www.themoviedb.org/movie/1597574,
Decadentia,Micro (<10 min),5,"Horror, Science Fiction",Himalaya Joshi,,,https://www.themoviedb.org/movie/1586968,"In a near future obsessed with perfect digital resurrection, a mourning artist defies her own beliefs to attempt the unthinkable."
Delete,Micro (<10 min),2,"Fantasy, Science Fiction",Norberto Morrone,,,https://www.themoviedb.org/movie/1568128,"While a student is writing his thesis, the computer begins to behave strangely."
Den stora kyrkflytten - dokumentären,Micro (<10 min),0,Documentary,,,,https://www.themoviedb.org/movie/1603426,
Denosferatuzacja 2 (czyli dowody na istnienie Świętego Mikołaja),Micro (<10 min),0,"Comedy, Horror",Marcel Pawluk,,,https://www.themoviedb.org/movie/1600574,
Dentro de Líneas,Micro (<10 min),0,Thriller,Luis Ángel Zavala,,,https://www.themoviedb.org/movie/1605910,
Departure,Micro (<10 min),6,"Drama, Romance",Harrison Jacobs,,,https://www.themoviedb.org/movie/1578116,Felix says goodbye to his boyfriend at the train station and remembers the time they shared together.
Dernière Minute,Micro (<10 min),0,"Action, Comedy",Natacha Goubault,,,https://www.themoviedb.org/movie/1588954,
Detective Dee: The Other Shore Flower,Micro (<10 min),0,"Action, Horror, Mystery",Fang Yinghua,,,https://www.themoviedb.org/movie/1597774,"Judge Dee investigates a conspiracy involving a dangerous elixir and supernatural chaos, ultimately exposing a rebel general who used the elixir as a "
Dian Fossey: Ihr Leben für die Gorillas,Micro (<10 min),0,Documentary,Anna Steuber,,,https://www.themoviedb.org/movie/1592249,"She was the first to study gorillas in their natural environment: the high mountains of Rwanda, where she settled in 1967. For nearly twenty years, Di"
Diaries: Colours of Nature and the Way It Affects Our Memories.,Micro (<10 min),0,Documentary,Youssef Askar,,,https://www.themoviedb.org/movie/1535135,An Experimental short film. A complete fictional story with some realistic elements to it.The second part of the diaries five part shorts. This part d
Die Coen-Brüder - Eine amerikanische Geschichte,Micro (<10 min),0,"Documentary, TV Movie",Sarah Aspinall,,,https://www.themoviedb.org/movie/1591406,
Diego Torres: Sinfónico,Micro (<10 min),0,Music,Demián Saiegh Cortizas,,,https://www.themoviedb.org/movie/1597611,
Dinner is ready !,Micro (<10 min),0,"Drama, Horror, Animation",Syméon Guillon,,,https://www.themoviedb.org/movie/1595837,
Disclaimer: No es Hollywood,Micro (<10 min),6,"Comedy, Romance",Melanie Miranda,,,https://www.themoviedb.org/movie/1591347,Ceci wants to fall in love.
Divisione,Micro (<10 min),0,"Drama, Horror, Family, Thriller",Alessio Caputo,,,https://www.themoviedb.org/movie/1530561,"A young woman tells a friend about the rupture with her brother, whom she hasn’t spoken to in years. Meanwhile, elsewhere, he faces a painful confront"
Doctor Who: The Fifth Doctor vs. The Daleks,Micro (<10 min),6,Science Fiction,Pete McTighe,,https://www.imdb.com/title/tt39116638/,https://www.themoviedb.org/movie/1593085,"The Doctor and Tegan arrive in Butler's Wharf, London... where they have some unfinished business with a very old enemy!"
Don't Go,Micro (<10 min),7,Drama,Theofanis Mylonas,,,https://www.themoviedb.org/movie/1597750,Two sisters struggle to come to terms with the inevitable.
Doully : Hier j'arrête !,Micro (<10 min),0,Comedy,Nicolas Beguet,,,https://www.themoviedb.org/movie/1597512,
DR's store juleshow - 2025,Micro (<10 min),0,Music,,,,https://www.themoviedb.org/movie/1597680,
Drawing of a Tree,Micro (<10 min),6,Drama,Jake Beck,https://www.youtube.com/@Jake.Bec05,,https://www.themoviedb.org/movie/1597551,"A man tries to draw a tree from his childhood with the same wonder and enjoyment as when he first saw it. But as he tries, it just isn’t right."
Drug Bust Shoot,Micro (<10 min),3,Comedy,Anders McCoy,,,https://www.themoviedb.org/movie/1450389,Ex cops attempt to get back into the good graces with their department by busting a photoshoot.
dust collector,Micro (<10 min),9,Documentary,Emilee Robinson,,,https://www.themoviedb.org/movie/1596673,"Storage spaces are strange half-way points, full of pieces of different people, conflated. A place to meet a past on borrowed time, a place that swall"
El Paquete,Micro (<10 min),0,"Music, Drama",Christopher Lazcano,,,https://www.themoviedb.org/movie/1596529,
El Productor,Micro (<10 min),0,"Comedy, Drama",Valentina Andino,,,https://www.themoviedb.org/movie/1584640,
El Rincón de LonkPlays: YOUTUBEMAGEDÓN,Micro (<10 min),0,Comedy,Alex Valenzuela,,,https://www.themoviedb.org/movie/1595047,
Elevator Pitch,Micro (<10 min),9,Thriller,Ryan Malone,,,https://www.themoviedb.org/movie/1593535,A college student stays up late doing work and laundry when he meets an eerily peculiar neighbor.
Elf on the Shelf 3,Micro (<10 min),9,"Horror, Comedy",Christian Ruvalcaba,https://www.youtube.com/watch?v=g076wshFp2k,,https://www.themoviedb.org/movie/1604011,"In his search for his missing twin brother, Tom and his crew interrogate a former friend."
Elmira High School Library Tour,Micro (<10 min),6,Adventure,Mason Crawford,,,https://www.themoviedb.org/movie/1592000,Mason Crawford & Quinn Sullivan interview multiple people to ask questions about the Elmira library.
Em homenagem a Manoel Gomes da Silva ou Miguel Eloí,Micro (<10 min),0,,Arthur Arnegger,,,https://www.themoviedb.org/movie/1601633,
Embalming Edison Garry,Micro (<10 min),6,,Luke B Wilson,,,https://www.themoviedb.org/movie/1603659,"Betty, a mortician who gets away with killing her husband, ends up being the one who works on his body. However she finds out he is still alive, and t"
empty alice,Micro (<10 min),4,"Mystery, Fantasy",Frances McIlvain,,,https://www.themoviedb.org/movie/1597001,ruminations on the trowma of witness
Empty Place,Micro (<10 min),4,,Dâniel Nicolas,,,https://www.themoviedb.org/movie/1598916,"After yet another series of arguments at home, a boy witnesses the end of his parents' marriage through silences that fill every space, glances that n"
En Masse by Circa,Micro (<10 min),0,Family,Louise Narboni,,,https://www.themoviedb.org/movie/1604867,
En Pointe,Micro (<10 min),1,Fantasy,Lillian Franzese,,,https://www.themoviedb.org/movie/1583580,A Ballerina steps out of her box for one more dance
Enfance Plastique,Micro (<10 min),0,"Horror, Animation",Aimy Fauchard,,,https://www.themoviedb.org/movie/1598648,
Esopus,Micro (<10 min),0,"Drama, Horror",Dean Jackman,,,https://www.themoviedb.org/movie/1585180,A paranoid young woman receives dark visions of harm befalling her best friend.
Evil Postal Service Guy,Micro (<10 min),2,"Comedy, Drama",Jose Luis Hernandez,,,https://www.themoviedb.org/movie/1593022,Two friends have their hangout disrupted when a mysterious postal service worker knocks on their door.
F#%*! 2025 - Le Roast de l'année Juste pour rire,Micro (<10 min),0,Comedy,,,,https://www.themoviedb.org/movie/1606604,
Fading Formlessly (Beyond Separation),Micro (<10 min),3,,Kevin Casciani Nolan,,,https://www.themoviedb.org/movie/1597586,"Looped, Distorted And Layered Hallway Footage. Increasing In Intensity And Detail. Terrorized Intervals Visualizing Momentary Separation From Self And"
Fake It Till You Date It,Micro (<10 min),0,Drama,Jessica Hua Shen,,https://www.imdb.com/title/tt39173840/,https://www.themoviedb.org/movie/1599545,"Xavier and Alex - scholarship kid meets football captain. After viral accidental kiss, they fake-date to save Alex's campaign. Real feelings emerge am"
Family Discipline,Micro (<10 min),0,Comedy,Hasan Doğan,,https://www.imdb.com/title/tt39074984/,https://www.themoviedb.org/movie/1591181,"Aslı, Neco, İnci, Çınar, and Çapraz are a gang. İnci steals money from the company for one last job; the security guard is blamed and dies. Overcome w"
Family Swap,Micro (<10 min),0,"Drama, Comedy",,https://v.youku.com/v_show/id_XNjUxNjExNzkyMA==.html,,https://www.themoviedb.org/movie/1601173,"When wife Bao Yimeng, full-time husband Song Li, and her younger brother Bao Peng magically swap bodies, they must live each other’s lives—managing wo"
Faut Trouver Un Nom,Micro (<10 min),0,Comedy,Guillaume Servoz,,,https://www.themoviedb.org/movie/1597243,
First Love in the Afterlife,Micro (<10 min),6,"Drama, Romance",Tyler Collins,,,https://www.themoviedb.org/movie/1603351,"Colin died 50 years ago. Every day, he waits in limbo for his high school sweetheart to arrive. Will he be able to convince her to spend eternity in t"
Five More Minutes,Micro (<10 min),8,"Drama, Comedy",Adam Toland,,,https://www.themoviedb.org/movie/1601139,"On a quiet afternoon by a lake, Theo spends time with his closest friends, laughing, talking, and trying to make sense of the future. As the day stret"
Flickering You,Micro (<10 min),1,,Rayyan Showkat,,,https://www.themoviedb.org/movie/1597501,a silent film which teaches you about your reality through a source of light.
Flut,Micro (<10 min),0,,Noah Frese,,,https://www.themoviedb.org/movie/1585546,
"Forever, Forever",Micro (<10 min),8,"Documentary, Music",,,,https://www.themoviedb.org/movie/1605136,"A tender video featuring an unreleased piano ballad from the final date of the 2023 'Love On Tour' tour, with a message to fans: ‘We belong together’."
Fortis Oratio,Micro (<10 min),4,Thriller,Bartu Bartici,,,https://www.themoviedb.org/movie/1597146,An ex-cult member is tormented by her past when a parking dispute takes place in front of her apartment.
Four Meals From Anarchy,Micro (<10 min),0,,Elias Munk,,https://www.imdb.com/title/tt29349433/,https://www.themoviedb.org/movie/1601392,
Fragilità,Micro (<10 min),0,Drama,Alberto Liviero,,,https://www.themoviedb.org/movie/1582673,
Frankie Teardrop,Micro (<10 min),0,"Romance, Drama, Fantasy",Ethan Parker,,,https://www.themoviedb.org/movie/1530780,"Frankie lies. Frankie remembers an unfortunate event from his past and how it spiralled into the state he’s in now, with a little help from an old fri"
Frisbee in the Rain,Micro (<10 min),3,"Horror, Drama",Jonas Durnell,,,https://www.themoviedb.org/movie/1590070,"Unable to play a game of frisbee with his upbeat friend, a downtrodden young man buys an object from a sinister force in an effort to regain his happi"
from tokyo,Micro (<10 min),7,,Sebastian Bobik,,,https://www.themoviedb.org/movie/1606694,"searching for ozu, tree in blossom, among pigeons  3 reels of Super 8 film shot in Tokyo. Unedited. Silent."
Froukje en S10 @ Ziggo Dome,Micro (<10 min),0,,,,,https://www.themoviedb.org/movie/1603711,"In this concert recording, Froukje and S10 bring their musical worlds together. With a mix of familiar hits, new material, and unique duets, they crea"
Fuck up på fertilitetsklinikken,Micro (<10 min),0,Documentary,,,,https://www.themoviedb.org/movie/1599732,
Fungal Forest,Micro (<10 min),8,Documentary,Stewie Eskridge,,,https://www.themoviedb.org/movie/1603063,"A second video tour of Steven's Trail in Colfax, California. Sequel to Mushroom River"
Gak Jadi,Micro (<10 min),0,Drama,Idham Dwi Setiawan,,,https://www.themoviedb.org/movie/1604926,
Garanhuns: enquanto houver rock,Micro (<10 min),0,Documentary,Ricardo Paes dos Santos,,https://www.imdb.com/title/tt39228728/,https://www.themoviedb.org/movie/1601504,
Gavin O'Sullivan: IDOLS,Micro (<10 min),3,Music,Matthew Clinton,https://www.youtube.com/user/gavosmusic,,https://www.themoviedb.org/movie/1582451,"A One-Take Music Video for Gavin O'Sullivan's new song, IDOLS.  Lyrics and Melody by O'Sullivan. Direction and Camera by Clinton."
Get the Shot,Micro (<10 min),5,"Comedy, Drama",Curtis Comblas,,,https://www.themoviedb.org/movie/1594853,"The Pressure is on for Tracy, as she’s got the hardest job on set; Dealing with an Explosive Director."
Giant Vacation,Micro (<10 min),8,,Sarwina Parijoh,,,https://www.themoviedb.org/movie/1603784,"When they found out that the place had many pleasant things, the almighty sent the giants to vacation there."
Giorgio Visioli vs. Joe Howarth,Micro (<10 min),0,Action,,https://www.matchroomboxing.com/events/visioli-vs-howarth/,,https://www.themoviedb.org/movie/1578789,"An array of Matchroom's best prospects return to action, as a huge evening of boxing is hosted in London. Headlining is 135lbs talent Giorgio Visioli "
Gladiator Undergound,Micro (<10 min),0,Action,Chaya Supannarat,,,https://www.themoviedb.org/movie/1596634,
Glimpse of life,Micro (<10 min),2,,Aleph,https://www.youtube.com/watch?v=be2k4SM-Dj8,,https://www.themoviedb.org/movie/1596443,Experimental short film
GONE PARK,Micro (<10 min),0,,,,,https://www.themoviedb.org/movie/1544813,
Good Friend/Bad Friend,Micro (<10 min),5,"Drama, Fantasy",Ibrahim Adeel,,,https://www.themoviedb.org/movie/1596223,"A young man lives his life in two dreams. In the end, he must reconcile the pros and cons of both."
Green,Micro (<10 min),3,Thriller,Filippo Cinotti,,,https://www.themoviedb.org/movie/1595674,'Green' is a project by Filippo Cinotti Shot entirely with: Canon C500MKII Nikkor AI-S lenses Evaluated in Davinci Resolve 20 Extra tools: LensNode
Grelina,Micro (<10 min),0,,Jamylla,,,https://www.themoviedb.org/movie/1598136,
Grite-río,Micro (<10 min),1,"Horror, Mystery",Pablo Mardú,,,https://www.themoviedb.org/movie/1596370,A woman looking for an intruder.
"Groenland, annexe-moi si tu peux",Micro (<10 min),0,Documentary,Walid Berrissoul,,,https://www.themoviedb.org/movie/1591395,
Grund,Micro (<10 min),0,,Thomas Georg Gönitzer,,,https://www.themoviedb.org/movie/1592878,
"Guardiana, Navidades Extrañas",Micro (<10 min),0,"Comedy, Fantasy, Adventure, Family",Santiago Ruiz,,,https://www.themoviedb.org/movie/1582334,
Gustavo & Sebas Go to McDonald's,Micro (<10 min),6,"Comedy, Adventure, Action, Drama",Christopher Lodzinski,,,https://www.themoviedb.org/movie/1599905,Gustavo and Sebas go on a journey to satisfy their hunger by venturing off towards their local McDonald's.
Half Boil,Micro (<10 min),7,,Sarvesh,,,https://www.themoviedb.org/movie/1593648,Half Boil is a short film about a writer torn between his artistic vision and the commercial demands imposed by his producer.
Half Yemeni Half German Half Fish,Micro (<10 min),0,Animation,,,,https://www.themoviedb.org/movie/1600463,
Hallyday par David,Micro (<10 min),0,"Documentary, Music",Vanessa Antelme,,,https://www.themoviedb.org/movie/1595160,
HALWAAI: An Untold Story,Micro (<10 min),1,,Rayyan Showkat,,,https://www.themoviedb.org/movie/1598242,A short piece of a confectioner's work life.
Hangman?,Micro (<10 min),2,"Horror, Thriller",Harry Welch,,,https://www.themoviedb.org/movie/1457784,A boy gets trapped in his own room.
Happy Ending,Micro (<10 min),0,"Drama, Romance",Topel Lee,,https://www.imdb.com/title/tt39018801/,https://www.themoviedb.org/movie/1588860,Want the special with VMX Beauty Ashley Lopez? Ina is a new masseuse who gains the fancy of first-time customer Joel. But while Joel pursues Ina relen
Haut les coeurs,Micro (<10 min),0,"Drama, TV Movie",Antoine Garceau,,,https://www.themoviedb.org/movie/1299601,
Heading Home,Micro (<10 min),3,Thriller,Tuffale Yasir Mohamed,https://www.tuffaleyasirmohamed.com/heading-home,,https://www.themoviedb.org/movie/1553569,"A woman walks home alone late at night, followed by a drunk man."
Her Daughter,Micro (<10 min),7,"Crime, Thriller, Drama",Brian McLernon,,,https://www.themoviedb.org/movie/1579847,"When a worn-down detective, ready to reconcile with his daughter, takes on one final case, he discovers that the truth hits harder than he ever could'"
Herança,Micro (<10 min),0,Drama,Cindy Lima,,,https://www.themoviedb.org/movie/1596769,"Between wooden doors and a corridor echoing with sacred words, Alex is drawn into the lingering shadows of a childhood and coming-of-age shaped by fai"
Het Uur van De Pauw,Micro (<10 min),0,Documentary,,,,https://www.themoviedb.org/movie/1596545,
Hetty Helsmoortel - Missie 2024,Micro (<10 min),0,Comedy,,,https://www.imdb.com/title/tt39161422/,https://www.themoviedb.org/movie/1591091,"For the fourth year in a row, Hetty Helsmoortel unveils the most fascinating scientific and technological breakthroughs of the past year. After three "
hiRto.,Micro (<10 min),0,Drama,Alef Cavalcante,,https://www.imdb.com/title/tt38045519/,https://www.themoviedb.org/movie/1533050,Ytalo leaves for work but there is something different in his world.
Hitchhiker,Micro (<10 min),1,Comedy,Hayden Shrowder,,,https://www.themoviedb.org/movie/1593189,"When his car breaks down in the middle of the outback, Dom is forced to hitchhike in hopes that a saviour arrives."
Holy Cripes! It’s Pipes Mackenzie!,Micro (<10 min),7,"Action, Comedy",Anthony Leroy,,,https://www.themoviedb.org/movie/1291466,"Pipes Mackenzie is a disgraced pugilist, who hopes to avenge the brutal death of his grandmother and reclaim his name, by cleaning up the streets of s"
Homeless: At The Train Station,Micro (<10 min),4,"Horror, Comedy",James Anderson,,,https://www.themoviedb.org/movie/1602845,A council worker endures hell after checking on an abandoned train station.
Hot Hands,Micro (<10 min),6,"Comedy, Action",Nicc Spinball,,,https://www.themoviedb.org/movie/1597950,"Upon discovering that he possesses the incredible ability to raise the temperature of his skin by several degrees, Jimmy Jenkins pursues a life of cri"
HOW TO MAKE A FRIEND,Micro (<10 min),0,"Comedy, Horror, Drama",Leska Afiat Setiawan,,,https://www.themoviedb.org/movie/1602081,
how to make dry wall,Micro (<10 min),3,,Jesse Keel,,,https://www.themoviedb.org/movie/1591734,how to make dry wall
Humo's Comedy Cup 2025,Micro (<10 min),0,Comedy,,,,https://www.themoviedb.org/movie/1600026,
Húmus,Micro (<10 min),0,"Drama, Mystery, Science Fiction",Lua Belle,,,https://www.themoviedb.org/movie/1594700,
I Am Not Your Shadow,Micro (<10 min),4,"Music, Drama",Coco Bond,,,https://www.themoviedb.org/movie/1562133,Plot to be announced.
I find comfort in sadness.,Micro (<10 min),2,,Ava B.,,,https://www.themoviedb.org/movie/1453090,a small part of my daily thoughts combined with the one thing that heals me most.  The background music and the written texts I post reflect who I am 
I Forgot Myself Backstage,Micro (<10 min),8,Horror,Madvin Mexis,https://www.youtube.com/watch?v=NOJ69ebRHm0,,https://www.themoviedb.org/movie/1594701,"Is it the ego, the superego, and the ID killing one another? Is it a series of alters fighting for independence? Or is it all just a weird dream of tr"
"I Love You, Bro",Micro (<10 min),9,,Sam Morgan,,,https://www.themoviedb.org/movie/1604705,"In this bro-mantic comedy, a night out leads longtime best friends Connor and Zeke to question the nature of their friendship."
"I Love You, Dad.",Micro (<10 min),2,,Finn Disharoon,,,https://www.themoviedb.org/movie/1598988,A short project of collected videos and a spoken word piece about the director's father.
i only have eyes,Micro (<10 min),4,,Sean Stewart,,,https://www.themoviedb.org/movie/1605203,Follow the eyes as they roam.
I'VE MADE SOME MISTAKES,Micro (<10 min),8,"Horror, Thriller",Doug Conway,https://www.youtube.com/@IAmDougConway,,https://www.themoviedb.org/movie/1597653,A man grapples with the suicide of his girlfriend.
Idea,Micro (<10 min),1,Drama,Aarian Ahmadi,,,https://www.themoviedb.org/movie/1579258,"A Young Writer gets caught up in his thoughts, losing track of time and opportunity."
If Zombies Didn't Bite You To Turn...,Micro (<10 min),5,Comedy,Conner Dodenhoff,,,https://www.themoviedb.org/movie/1598133,Dallas 2031. In an apocalyptic world three survivors learn that the zombies don't need to bite you to turn you into one of them.
Ignored,Micro (<10 min),2,"Comedy, Drama",Do-hyun Lee,,,https://www.themoviedb.org/movie/1598338,A boy tries to apologize to his friend who doesn't seem to be taking apologies.
Il Granchio Blu,Micro (<10 min),0,Comedy,Matteo Finozzi,,https://www.imdb.com/title/tt39053385/,https://www.themoviedb.org/movie/1589614,
Il Pesce Rosso,Micro (<10 min),0,"Drama, Thriller",Karol Trenca,,,https://www.themoviedb.org/movie/1602044,
In Between,Micro (<10 min),9,"Romance, Drama",Sabarinath,,,https://www.themoviedb.org/movie/1601850,"Set within the everyday rhythm of college life, In Between follows the quiet emotional space between connection and hesitation. As days pass through c"
In Blue,Micro (<10 min),3,"Romance, Drama",Matteo Sánchez Diegopérez,,,https://www.themoviedb.org/movie/1590609,A young man struggles with self confidence as he meets his girlfriend for her birthday.
IN SOMNIO RATIONIS,Micro (<10 min),0,Mystery,Paolo Moscatelli,,,https://www.themoviedb.org/movie/1593712,
In The Corner,Micro (<10 min),5,"Drama, Action",Isaac McAuley,,,https://www.themoviedb.org/movie/1591807,"After a brutal loss in his previous fight, amateur boxer Leo Smith comes back to the ring for a high-stakes rematch against his former opponent. With "
Indi,Micro (<10 min),6,"Documentary, Music",Luca Conte,,,https://www.themoviedb.org/movie/1598996,Dive into a pool of sound at the Indian Ocean Hotel and meet the community that gathers within its walls.
"INNUMERABLE, COUNTLESS LIGHTS",Micro (<10 min),7,,Dylan Hattenschweiler,https://www.youtube.com/watch?v=spUKLZeQJpA,,https://www.themoviedb.org/movie/1600508,A psychedelic short film using the refraction of light to create a message about the individuality of people.
Instrumental Tourist,Micro (<10 min),5,,Henry Crawford,https://www.youtube.com/watch?v=x1Br-f9MIYY,,https://www.themoviedb.org/movie/1592889,Short film depicting Manhattan in the early hours of the morning.
Intervals,Micro (<10 min),1,,Rohan Rai,,,https://www.themoviedb.org/movie/1593357,A person looks at themselves in a mirror.
Isi,Micro (<10 min),0,,,,https://www.imdb.com/title/tt12471892/,https://www.themoviedb.org/movie/1598629,
IVF in België,Micro (<10 min),0,Documentary,,,,https://www.themoviedb.org/movie/1588160,
I’m Chevy Chase and You’re Not,Micro (<10 min),0,Documentary,Marina Zenovich,,https://www.imdb.com/title/tt36956674/,https://www.themoviedb.org/movie/1584780,"From his Saturday Night Live beginnings to a string of classic comedies, Chevy Chase has always had huge comedic range. He is also a complex and contr"
Jacinto,Micro (<10 min),0,Documentary,Karina Angulo,,,https://www.themoviedb.org/movie/1601624,
Jack Dee: Small World,Micro (<10 min),0,Comedy,Chris Howe,,,https://www.themoviedb.org/movie/1583110,"Recorded live at the London Palladium, join Jack Dee as he guides you through his varied life and career with his customary charm and well-known gift "
Jan Englert. Spróbuję jeszcze raz pofrunąć,Micro (<10 min),0,Documentary,Maciej Dancewicz,,,https://www.themoviedb.org/movie/1591408,
Janae & the Bear,Micro (<10 min),0,,Carter Tompkins-Bischel,,,https://www.themoviedb.org/movie/1536558,"After their family bails on them, Janae is forced to take her younger brother, Henry, on a road trip to a distant relative's wedding."
Jingle Bell Wedding,Micro (<10 min),0,"Romance, TV Movie",Anne De Léan,,https://www.imdb.com/title/tt36662851/,https://www.themoviedb.org/movie/1575385,Jack Cooper and Jessica McFall are planning their New Year’s Eve wedding celebration until a once-in-a-lifetime career opportunity threatens to upend 
John Hron - mördad av nazister,Micro (<10 min),0,Documentary,,,,https://www.themoviedb.org/movie/1600326,
JOHN LENNON PSYCHOSIS,Micro (<10 min),2,Comedy,Vincent Crawford,https://www.eternal.camp/,,https://www.themoviedb.org/movie/1593163,a psychic reading goes awry.
Journals 1: A Brick Wall,Micro (<10 min),2,,Fred Camper,,,https://www.themoviedb.org/movie/1594231,"First of the Journals. Filmed August 1, 2025, in the alley behind Fred's apartment building, Chicago, Illinois"
Journals 2: Books,Micro (<10 min),3,,Fred Camper,,,https://www.themoviedb.org/movie/1594232,"Second of the Journals. Filmed August 4, 2025, in the apartment of Tom Gunning, Chicago, Illinois."
Journals 3: Columbus Circle Subway Station,Micro (<10 min),2,,Fred Camper,,,https://www.themoviedb.org/movie/1594235,"Third of the Journals. Filmed August 10, 2025, in the Columbus Circle Subway Station, New York, New York"
Journals 4: Walters Museum,Micro (<10 min),3,,Fred Camper,,,https://www.themoviedb.org/movie/1594237,"Fourth of the Journals. Filmed August 22, 2025, Baltimore, Maryland"
Journals 5: Buildings and Greenery,Micro (<10 min),1,,Fred Camper,,,https://www.themoviedb.org/movie/1594239,"Fifth of the Journals. Filmed on August 27, 2025, at the University of Chicago Medical Center, Chicago, Illinois"
Journals 6: By the River,Micro (<10 min),1,,Fred Camper,,,https://www.themoviedb.org/movie/1594240,"Sixth of the Journals. Filmed September 15, 2025, Hudson River, New York, New York"
Journals 7: Highway and Towers,Micro (<10 min),2,,Fred Camper,,,https://www.themoviedb.org/movie/1594241,"Seventh of the Journals. Filmed September 28, 2025, Interstate 95 adjacent to the George Washington Bridge, New York, New York"
Journals 8: Alley on West 180th Street,Micro (<10 min),2,,Fred Camper,,,https://www.themoviedb.org/movie/1594243,"Eighth of the Journals. Filmed September 28, 2025, New York, New York"
Journals 9: Dinner for Six,Micro (<10 min),2,,Fred Camper,,,https://www.themoviedb.org/movie/1594246,"Ninth of the Journals. Filmed September 28, 2025, Spicy Moon Restaurant, 265 Bowery, New York, New York. Participants, in the order in which they appe"
Journey in 21st century,Micro (<10 min),3,,Travis Page,,,https://www.themoviedb.org/movie/1605343,a man is going to an unknown destination in a erie world
Journey to the Quest: Best Questmas Ever!,Micro (<10 min),8,"Animation, Comedy",,,,https://www.themoviedb.org/movie/1601072,"It's the party's first ever Questmas together and Pepper insists they stop for the night, so the totally-real Father Quest of Giftlock can fill their "
Juste pour Rire Montréal 2025,Micro (<10 min),0,Comedy,Arnaud Chautard,,,https://www.themoviedb.org/movie/1592731,
Kadhaikalaamaa,Micro (<10 min),5,"Mystery, Thriller",Shridhar Manivannan,https://youtube.com/@cineshri12?si=-peRn0MV9KwZHODT,,https://www.themoviedb.org/movie/1602358,"During  2020's pandemic lock down, Akhilan, a lonely, innocent man gets mysterious theats and cries from unknown people saying that they don't want to"
Kampfzone Klassenzimmer,Micro (<10 min),0,Documentary,,,,https://www.themoviedb.org/movie/1600899,
Karai Pyhare,Micro (<10 min),0,,Aldana Villar,,,https://www.themoviedb.org/movie/1591902,
KARMANN,Micro (<10 min),9,"Drama, Mystery",Aron Quadu,,,https://www.themoviedb.org/movie/1597741,A father organizes a birthday party for his daughter. He finds himself in an awkward situation with his sisters. When he looks for his daughter to eat
Kingdom Hearts,Micro (<10 min),0,"Fantasy, Adventure, Science Fiction",Antoine Duhamelle,,,https://www.themoviedb.org/movie/1532169,
Kooche-Ye Tanhayi,Micro (<10 min),8,"Mystery, Horror",Keimanesh Kouhsari,,,https://www.themoviedb.org/movie/1603162,"An endless, dark alley becomes the gateway to a truth buried deep within a man’s nightmare"
KooluAlbums: Introduction Movie,Micro (<10 min),2,"Animation, Drama, Action, Music, Horror, Crime, Comedy, Mystery, Thriller",,https://www.youtube.com/watch?v=zc8pngKbS0M&t=1s,,https://www.themoviedb.org/movie/1595934,This ground breaking animated short film made by 1 person has led to an awe inspiring story about betrayal of the loyal fan and also the music maker i
Korridor,Micro (<10 min),1,"Mystery, Thriller",Bartu Bartici,,,https://www.themoviedb.org/movie/1598554,A white-collar worker goes to investigate a strange noise in the building and keeps finding himself where he started.
kuqe 2115: nareszcie w trasie,Micro (<10 min),0,"Documentary, Music",Kacper Kryściak,,,https://www.themoviedb.org/movie/1600754,
KV-89,Micro (<10 min),6,Thriller,Showozs,,,https://www.themoviedb.org/movie/1599262,Jalol damned
Kyojo Reunion,Micro (<10 min),0,,Isamu Nakae,https://kazama-kyojo.jp/,,https://www.themoviedb.org/movie/1557886,
Königsforst,Micro (<10 min),5,,Henry Crawford,https://www.youtube.com/watch?v=x1Br-f9MIYY,,https://www.themoviedb.org/movie/1592890,Experimental short film shot in Brooklyn and Manhattan.
L'irréparable,Micro (<10 min),0,Comedy,Evan Sivakumar,,,https://www.themoviedb.org/movie/1580038,
La Haine : jusqu'ici rien n'a changé,Micro (<10 min),0,"Music, Drama",François Goetghebeur,,,https://www.themoviedb.org/movie/1592035,
La plus belle des musiques,Micro (<10 min),0,,Emile Tith,,,https://www.themoviedb.org/movie/1598349,
Lake-Emba,Micro (<10 min),0,,Madeleine Jurd,,https://www.imdb.com/title/tt23709476/,https://www.themoviedb.org/movie/1589696,It's 1982 and Becky's second first day of year 6 where she discovers the value in embracing her age and those around her; in her magical town of Lake-
Lamine Lezghad - Naïm Chapitre II,Micro (<10 min),0,Comedy,Lamine Lezghad,,,https://www.themoviedb.org/movie/1603511,
Late night TV Show,Micro (<10 min),0,"Horror, Science Fiction",Aleksy Mikołaj Szutkowski,,,https://www.themoviedb.org/movie/1457201,HELLO EVERYONE ON THAT BEAUTIFUL NIGHT
Lavkultur,Micro (<10 min),0,Comedy,Henrik Fladseth,,https://www.imdb.com/title/tt39183307/,https://www.themoviedb.org/movie/1599063,
Lazarus,Micro (<10 min),7,"Action, Drama",Jacob Hynson,,,https://www.themoviedb.org/movie/1480754,"A year after dying in the ring and being resuscitated, fighter Lazarus Perry re-enters the ring for a rematch with the man who took his life."
Le Bracelet,Micro (<10 min),0,Comedy,Dominique Thiel,,,https://www.themoviedb.org/movie/1600935,
Le Carnaval des animaux,Micro (<10 min),0,"Music, Family",Ybao Benedetti,,,https://www.themoviedb.org/movie/1605509,
Le Cirque Phénix - 25 ans,Micro (<10 min),0,Family,Julien Faustino,,,https://www.themoviedb.org/movie/1602077,
Le grand cirque des marées,Micro (<10 min),0,Documentary,Alexis Barbier-Bouvet,,,https://www.themoviedb.org/movie/1603020,
Lendas de Santa Clara do Desterro,Micro (<10 min),0,"Documentary, Horror, Thriller",Davi Ricardo Trindade,,,https://www.themoviedb.org/movie/1598688,
LeQost - Short Film,Micro (<10 min),6,Comedy,Farrel Athaillah Wijaya,https://www.youtube.com/watch?v=wUYWVX8Zh9w,,https://www.themoviedb.org/movie/1598565,Leqost is a short promotional film that captures the everyday struggle of students searching for a place to live in an unfamiliar city. What begins as
Les 24h du Mans Selon l'IA,Micro (<10 min),0,Animation,Anatole Chapelain Benelheni,,,https://www.themoviedb.org/movie/1595206,
"Les Folies Gruss, 50 ans à Paris",Micro (<10 min),0,Family,Julien Faustino,,,https://www.themoviedb.org/movie/1606881,
Les Marées Basses,Micro (<10 min),0,,Antoine Laliberté,,,https://www.themoviedb.org/movie/1601287,
Lisa's New Favorite Movie,Micro (<10 min),1,"Animation, Comedy",,,,https://www.themoviedb.org/movie/1601701,Lisa is overwhelmed when she finally finds a movie that speaks to her.
Literally Slay!,Micro (<10 min),0,"Comedy, Horror",Carter Canfield,,,https://www.themoviedb.org/movie/1186135,"A Grooks Spinoff series starring Angela Smith, a True-Crime influencer who attempts to solve crimes, from renowned director Carter Canfield"
Little Twin Stars: Hajimari no Monogatari,Micro (<10 min),9,"Animation, Fantasy",Jun Takagi,,,https://www.themoviedb.org/movie/1604645,"The beginning of Kiki and Lala's journey as they leave their parents and set out into a new world to become fine, grown-up stars."
Lo que el sonido evoca,Micro (<10 min),0,"Drama, Mystery",Alba Díaz Piñol,,,https://www.themoviedb.org/movie/1596937,
Londynek,Micro (<10 min),0,,Stargate,,,https://www.themoviedb.org/movie/1417590,Details and life of Pomorska street in Bydgoszcz
Lost In Meditation,Micro (<10 min),0,Documentary,Livio Ducati,,,https://www.themoviedb.org/movie/1559457,
Love in Session,Micro (<10 min),0,Comedy,Serenity Holden,,,https://www.themoviedb.org/movie/1585412,A couple endures marriage counseling following a recent incident.
"Love, Me Artificially",Micro (<10 min),9,"Horror, Romance, Drama, Science Fiction, Thriller",Archie Parker,https://www.youtube.com/watch?v=D6YIAlFsFAU,,https://www.themoviedb.org/movie/1604595,"A man who is in a relationship with an AI builds her a body so that they can be together in the real world. After she inhabits this body, her plans fo"
Love. In. Words.,Micro (<10 min),4,Drama,Sam Weston,https://www.youtube.com/watch?v=YbqXU0R6Flo&t=2s,,https://www.themoviedb.org/movie/1594220,Two lovers. One enamored by love. The other tortured by it.
Luz de Noche,Micro (<10 min),4,Drama,Luis Fabián,,,https://www.themoviedb.org/movie/1606424,Mario and Amelia recall a series of lucid moments from their life together.
Lâcher prise,Micro (<10 min),0,Drama,Hector Gast,,,https://www.themoviedb.org/movie/1596642,
MADE JÚLIA Episódio 3 (2½),Micro (<10 min),0,,Daniel Gautto,,,https://www.themoviedb.org/movie/1606421,
"Making Of ""EL SOPORISTA""",Micro (<10 min),0,,,,,https://www.themoviedb.org/movie/1591863,
Malaga-The Film,Micro (<10 min),0,"Adventure, Documentary",Paul Henri Nussbaumer,,,https://www.themoviedb.org/movie/1605964,
Mall Santas Must Die,Micro (<10 min),2,Horror,João Augusto de Nardo,,https://www.imdb.com/title/tt37781696/,https://www.themoviedb.org/movie/1524094,"Unearthed from the ruins of a burned-down Canadian video store, this long-lost slasher is finally back to stuff your stocking - with screams."
"Maman, j'ai raté le traineau !",Micro (<10 min),0,"Comedy, Family",Daniel Le Toriellec,,,https://www.themoviedb.org/movie/1565227,
"Mamãe, Não Chore",Micro (<10 min),0,"Drama, Family",Arthur Moric,,,https://www.themoviedb.org/movie/1599376,
Mannequin,Micro (<10 min),3,Music,Lucas Hamdan,,,https://www.themoviedb.org/movie/1598771,"Inspired by Augusto Boal's Theatre of the Oppressed and Image-Theatre, the short film transforms the aesthetic pressure experienced by women into bodi"
Mantiram's Ring 1¾: War For Mantiram,Micro (<10 min),0,,Gordon Cameron,,,https://www.themoviedb.org/movie/1606921,
Marco Mengoni Live in Europe 2025,Micro (<10 min),0,,,,,https://www.themoviedb.org/movie/1595211,
María Becerra - Estadio River Plate,Micro (<10 min),0,Music,,,,https://www.themoviedb.org/movie/1597980,
Medina,Micro (<10 min),0,Documentary,Abel Vellarino,,,https://www.themoviedb.org/movie/1606919,
Melancholy,Micro (<10 min),7,Science Fiction,Ryan Gomez,,,https://www.themoviedb.org/movie/1595871,"When a restless young adult has the chance to go back in time, he rediscovers the spark hidden in the past."
Melancolia,Micro (<10 min),0,Music,Barthélemy Péraud,,,https://www.themoviedb.org/movie/1593829,
Melk,Micro (<10 min),0,"Horror, Thriller, Drama",Iker Blankenaauw Baranda,,,https://www.themoviedb.org/movie/1605530,
Menanti Niscaya,Micro (<10 min),0,"Drama, Family",Muhammad Fikri Nuryasin,,,https://www.themoviedb.org/movie/1602436,"After a year of unemployment due to layoffs during the COVID-19 pandemic, Toyib is now a stay-at-home dad who spends his days taking care of the house"
Merry Christmas II,Micro (<10 min),1,"Comedy, Documentary",Cameron Korolewski,,,https://www.themoviedb.org/movie/1604132,"Rookie Skater, Carol, and Veteran, Varian, prepare for their much anticipated Christmas Day showdown."
Merry Christmas Mom,Micro (<10 min),0,"Drama, Comedy",Christian Picken,,,https://www.themoviedb.org/movie/1403254,Three foster siblings are reunited on Christmas following the passing of their foster Mom.
"Merry Christmas, Please Don't Call",Micro (<10 min),5,"Drama, Music",Keira Moran,,,https://www.themoviedb.org/movie/1601095,"A young man comes home for the holidays and tries to reconnect with friends from his past, only to realize he isn’t ready to face the version of himse"
METAMORPHOSIS,Micro (<10 min),0,,DHRUV UPMANYA,,,https://www.themoviedb.org/movie/1516248,"Metamorphosis is a deeply personal, bittersweet memoir that peers into the psyche of a student caught in the relentless grind of competitive examinati"
Mi mamá antes de mi mamá,Micro (<10 min),0,Documentary,Milena Blanco Ferrara,,,https://www.themoviedb.org/movie/1593618,
Migración Del Alma,Micro (<10 min),0,,Mateu Aisa Unda,,,https://www.themoviedb.org/movie/1594186,
"Mihai Bobonete - ""Life is life""",Micro (<10 min),0,Comedy,Adrian Bobonete,,,https://www.themoviedb.org/movie/1602608,
Mikołaj na sygnale 2: Zdążyć przed Wigilią,Micro (<10 min),0,"Drama, Family",Grzegorz Waller,,,https://www.themoviedb.org/movie/1591136,
Millstone,Micro (<10 min),3,"Drama, Mystery",Aymen Bencheqroun Krimi,https://www.youtube.com/watch?v=eykz4Uaig0M,,https://www.themoviedb.org/movie/1416490,"Immersed in a daily life where actions repeat, and hours seem to dissolve, this animated film unveils the deep pain hidden within the crushing monoton"
Min el Ghoul ?,Micro (<10 min),8,Romance,Jad Banjarian,,,https://www.themoviedb.org/movie/1597737,A group of friends go to a house in the woods to play a game only for them to find themselves in it.
Min pappa är en clown,Micro (<10 min),0,,,,https://www.imdb.com/title/tt39130632/,https://www.themoviedb.org/movie/1596036,
Minus Magis,Micro (<10 min),6,"Mystery, Drama",Marco Galleni,,,https://www.themoviedb.org/movie/1508780,Leave what you have. Find what you are.
Miss Rosa,Micro (<10 min),8,Drama,Nia Rani,,https://www.imdb.com/title/tt37141515/,https://www.themoviedb.org/movie/1512646,"In the centre of 1950's Birmingham thrives a seedy, flamboyant jazz club managed by glamorous drag queen and renowned prostitute, Miss Rosa. When she "
Missed Opportunities,Micro (<10 min),0,Drama,Jason Campbell,,,https://www.themoviedb.org/movie/1594473,"Missed Opportunities is a powerful faith-based drama starring Dean Cain, Eddie McClintock, and Tim Ross that explores how often we overlook the moment"
Modify,Micro (<10 min),1,Documentary,Robyn Adams,,,https://www.themoviedb.org/movie/1603561,"A timeline of transformation, compiled from 8 years' worth of photos by and of transgender actress and filmmaker Robyn Adams."
Mohabbat,Micro (<10 min),0,Romance,Raihan Rafi,,,https://www.themoviedb.org/movie/1375981,
Monopolis,Micro (<10 min),3,Fantasy,Bailey Klingberg,,,https://www.themoviedb.org/movie/1591974,A game of Monopoly between 3 friends where moves on the board play out in a parallel world
moo,Micro (<10 min),8,,Sarah Jo Fraser,,,https://www.themoviedb.org/movie/1594339,"A woman wakes in a grassy field, disoriented and alone. When a chorus of mooing from a nearby rabble of cows jolts her into reality, her body regurgit"
Muddy Winters,Micro (<10 min),5,"War, Music, Documentary",Austin Williams,,,https://www.themoviedb.org/movie/1603410,Angelic cold pearl winters and the brutality of war running simultaneously.
Muse,Micro (<10 min),9,Mystery,Teagan Cooper,,,https://www.themoviedb.org/movie/1597745,"After their friend vanishes, three friends search for answers from an enigmatic, reclusive artist."
My Date with a Vampire,Micro (<10 min),0,"Action, Drama",Thirteen Chan Sap-Sam,,https://www.imdb.com/title/tt39127268/,https://www.themoviedb.org/movie/1176573,"An exorcist heir and an immortal from the Blood Tribe cross paths during an investigation, uncovering past-life entanglements while uniting to stop a "
My Friend Mallory,Micro (<10 min),6,,Wren Wooten,https://www.youtube.com/watch?v=IBPfxMvHBZg,,https://www.themoviedb.org/movie/1603671,A romantic encounter in a field is marred by a jarring act of violence. A young woman grapples with the weight of her choices fighting off fits of man
My Little Treat,Micro (<10 min),7,Comedy,Patrick Grobbel,https://www.youtube.com/watch?v=zWY7hGXyLY4,,https://www.themoviedb.org/movie/1603171,A man desperately tries to recover his little treat from a nasty cat.
My Oh My,Micro (<10 min),0,,Joshua Biggs,https://www.youtube.com/@ThisisNotAStudio,,https://www.themoviedb.org/movie/1400088,A friend tries to pull a man out of a manic depressive episode after a tragic event
Natal Resenha,Micro (<10 min),0,Comedy,Gabriel Moreno Jr,,,https://www.themoviedb.org/movie/1603208,
Natal sangrento,Micro (<10 min),0,Horror,V4mppz,,,https://www.themoviedb.org/movie/1577232,
Neighbour,Micro (<10 min),7,"Thriller, Mystery",Brandon Stockwell,https://vimeo.com/1143284949?share=copy&fl=sv&fe=ci,,https://www.themoviedb.org/movie/1592636,A young man becomes convinced he's living next to a psychopathic killer after detecting his overly suspicious nightly routine
Nice Spare!,Micro (<10 min),7,"Animation, Horror, Comedy",Katie Steuernagel,https://www.youtube.com/redirect?event=video_description&redir_token=QUFFLUhqbXRoYmkzOTFvLVZqZHh2amZfQTNOTXNUQ19BQXxBQ3Jtc0tsMGcxNXVQbUxhODItUlIxNnJ3QUMxZ1ZXaVNiNFJGNmhsM2dzRjl2TmhZTTBNZXpkWmtOZVhldnM0T0lyYk5LMTJXR3NYZTdFUVVFR2JqX2dPcFN3QUh2RXc1UzdRV25KbHZtV2s2SzhtSlNUdHlaUQ&q=https%3A%2F%2Fwww.katiethelittlelady.com%2F&v=O7jxeTxzKWI,,https://www.themoviedb.org/movie/1603932,Bowling rejects Owen and Ethan enter the alley’s dark abyss of dying pins who want the boys to “spare” their lives.
Night Ride,Micro (<10 min),5,Thriller,João Pedro Tavares,,,https://www.themoviedb.org/movie/1595191,Mark is waiting for his tram home when he’s suddenly approached by Violet — a girl who insists she knows him and offers detail after detail to prove i
No Caller ID,Micro (<10 min),3,"Science Fiction, Thriller",Jash Patel,,,https://www.themoviedb.org/movie/1595863,"When repeated calls from a 'No Caller ID' seem nothing at first, only an annoying ex, Zara's life is turned upside down when the person on the other e"
No mires a los ojos de la gente,Micro (<10 min),0,,Iván Latorre,,https://www.imdb.com/title/tt39188254/,https://www.themoviedb.org/movie/1599246,
No One,Micro (<10 min),7,"Science Fiction, Horror, Drama, Mystery",Griffin Moeller,https://www.youtube.com/,,https://www.themoviedb.org/movie/1593109,The main character accepts an award for his short film.
"No, Your Majesty",Micro (<10 min),0,"Romance, Drama",Maryna Boyko,,,https://www.themoviedb.org/movie/1604874,"James Taylor is a poor but brilliant scholarship student struggling to claim his place in the world who crosses paths with Baron William, a figure use"
Noah's Ark,Micro (<10 min),7,Comedy,Naomi Christie Trantu,https://www.youtube.com/watch?v=GAzbRWGwXQc,https://www.imdb.com/title/tt36465692/,https://www.themoviedb.org/movie/1603912,Two people in love face a conversation that challenges their connection. Can love survive the flood?
"Nos oeufs au congélo, le temps de la réflexion ?",Micro (<10 min),0,Documentary,Delphine Dhilly,,,https://www.themoviedb.org/movie/1598561,
Not dead enough,Micro (<10 min),0,,Salvatore D'Arco,,,https://www.themoviedb.org/movie/1588231,
Not That Deep,Micro (<10 min),6,Drama,Parth Masekar,,,https://www.themoviedb.org/movie/1597717,Two friends get into an argument over cultural differences.
Novembre (Le ninfee),Micro (<10 min),0,Documentary,Angelo Elia,,,https://www.themoviedb.org/movie/1591748,
Nyhetsåret 2025 - bilderna vi minns,Micro (<10 min),0,Documentary,,,,https://www.themoviedb.org/movie/1599509,
O Drop da Quebrada,Micro (<10 min),0,Documentary,José Vieira Júnior,,,https://www.themoviedb.org/movie/1594398,
O jogo de Dom,Micro (<10 min),0,"Mystery, Comedy",Ana Cid,,,https://www.themoviedb.org/movie/1599223,
O la chiesa o il campanile,Micro (<10 min),0,Documentary,Angelo Elia,,,https://www.themoviedb.org/movie/1603047,
Oceana - branden på Liseberg,Micro (<10 min),0,Documentary,,,,https://www.themoviedb.org/movie/1593469,
Om højbordet,Micro (<10 min),0,,Selma Munks­gaard-​Han­sen,,https://www.imdb.com/title/tt35696231/,https://www.themoviedb.org/movie/1600777,
Oo Banti gaadi Katha,Micro (<10 min),1,Comedy,P.Ramsekhar,,,https://www.themoviedb.org/movie/1594071,The story of a bear that has lost its home and is trying to adjust in his new house.
Our Memories Together Won't Rot in the Bag,Micro (<10 min),4,Horror,Ada Taylor,,,https://www.themoviedb.org/movie/1591227,A dialogue about a woman –  between an organizer and a perpetrator – goes horribly awry.
Outside of Logic,Micro (<10 min),0,"Horror, Thriller, Mystery",Miguel Antonio Santos Pessoa,,,https://www.themoviedb.org/movie/1524336,
Overconsumption,Micro (<10 min),2,,Shivum Saha,,,https://www.themoviedb.org/movie/1592788,"A man becomes increasingly consumed by his screens, unable to disconnect from the constant stream of content. A short film exploring our relationship "
Ozymandias,Micro (<10 min),2,,Luke Boyd,,,https://www.themoviedb.org/movie/1597947,A visual depiction of of Percy Bysshe Shelley's poem.
"Papaya - Tettere, nærmere, värmere",Micro (<10 min),0,Documentary,,,,https://www.themoviedb.org/movie/1574212,"Join Papaya as they embark on their Norwegian tour. This time, they're going to make it more like the podcast: it will be closer, more intimate, warme"
Paranoia,Micro (<10 min),0,Thriller,Arturo Siller Villalpando,,,https://www.themoviedb.org/movie/1605813,
Passages: Vol. I,Micro (<10 min),0,,Mabinty Camara,,,https://www.themoviedb.org/movie/1580824,
Passages: Vol. II,Micro (<10 min),0,Documentary,Mabinty Camara,,,https://www.themoviedb.org/movie/1581422,
PEAUDEDEPART,Micro (<10 min),7,"Science Fiction, Thriller, Horror",Kornelia,,https://www.imdb.com/title/tt39163647/,https://www.themoviedb.org/movie/1588851,A man goes to meet a prostitute.
Perception,Micro (<10 min),9,"Drama, Science Fiction",Kyle Quinn,,,https://www.themoviedb.org/movie/1595793,A man wakes up one day and realises that he is being watched by a Camera.
Permiso,Micro (<10 min),0,Horror,Aldo M. V. Gallardo,,,https://www.themoviedb.org/movie/1588820,
Phillip Devantier - Phillipsofi,Micro (<10 min),0,Comedy,,,,https://www.themoviedb.org/movie/1599980,
Phrogging,Micro (<10 min),5,"Horror, Thriller",Mohammed Tayfour,,,https://www.themoviedb.org/movie/1601793,"Hidden in the narrow dark of a cupboard in an apartment, an unseen presence watches an ordinary night unfold."
Pierre Garnier : Le concert événement,Micro (<10 min),0,Music,Stéphane Bohée,,,https://www.themoviedb.org/movie/1601359,
Playdate,Micro (<10 min),8,Horror,Penelope Taglieri,,,https://www.themoviedb.org/movie/1598832,fun fun fun in the sun yippee!!! emma and teddy have a super fun playdate because theyre friends and they... like to play so much yay so much fun!!!
Please take your shoes off,Micro (<10 min),5,Thriller,Louis FitzGerald,,,https://www.themoviedb.org/movie/1584830,a drive to the local CVS turns into a drive to get to the store and then to the grocery store to get the food and then to get the car and then to go t
Plein Air,Micro (<10 min),3,"Drama, Family",Jason Bailey,https://jasonbailey.studio/work/plein-air,,https://www.themoviedb.org/movie/1603444,A man ventures across the rugged Snowdonia landscape to share a warm moment with his artist mother.
Poof,Micro (<10 min),0,Drama,Rafael Iaquinta,,https://www.imdb.com/title/tt33086413/,https://www.themoviedb.org/movie/1328644,"After a fight at the local football field, a group of four high school boys (Evan, Tyler, Matt, Israel) run into the wild, seeking escape. But when th"
Portrait de mon grand-père paternel,Micro (<10 min),0,Documentary,Rosilin van der Sippe,,,https://www.themoviedb.org/movie/1604746,
Portrait of Grief,Micro (<10 min),7,Drama,Aryan Adhikari,,,https://www.themoviedb.org/movie/1606778,A small excerpt from the scenes of a complicated relationship between a mother and her daughter.
POSESIÓN,Micro (<10 min),0,,Sara García Centeno,,,https://www.themoviedb.org/movie/1598320,
Post Obitum,Micro (<10 min),0,"Science Fiction, Drama",William Frederick Allen,,,https://www.themoviedb.org/movie/1505500,"A bioengineered soldier is sent to execute an aging war criminal, only to discover that they both have a past together that forces him to question his"
pour la vie,Micro (<10 min),0,Documentary,Louise Mahou,,,https://www.themoviedb.org/movie/1598235,
Prism,Micro (<10 min),4,,Harrison Magid,,https://www.imdb.com/title/tt39258205/,https://www.themoviedb.org/movie/1603683,Arthur asks his old boss Sam for his job back. But there's a reason he lost it in the first place.
Prologue : Shadows of Silence,Micro (<10 min),5,Drama,Jamal El Gouji,,,https://www.themoviedb.org/movie/1605374,A static 5-minute shot of siblings having breakfast before leaving home.
PSA,Micro (<10 min),2,,Henry Crawford,https://www.youtube.com/watch?v=V_CV1u3U-8A,,https://www.themoviedb.org/movie/1599460,short film / PSA on drug addiction.
Quintet,Micro (<10 min),0,"Horror, Thriller, Drama",Kyle Pitcher,,https://www.imdb.com/title/tt35679143/,https://www.themoviedb.org/movie/1431398,"A group of five find themselves trapped somewhere with no light, no way out, and no memory of their former lives. With no way out, the group tries to "
Raoul,Micro (<10 min),5,"Comedy, Action",Jenna Wightman,,,https://www.themoviedb.org/movie/1597009,"When their coworker keeps bringing her horse stuffed animal named Raoul to work, a group of businessmen devise a plan to get rid of the plushie and un"
Rapists House Christmas: The Fly,Micro (<10 min),0,,Germán Magariños,,,https://www.themoviedb.org/movie/1601393,"A new Christmas special from the Cabrera family, in this case the family moves to Evaristo's house, who claims to have profitable businesses for every"
Rataje Ride,Micro (<10 min),0,,Stargate,,,https://www.themoviedb.org/movie/1418004,"Friends ride through Rataje district in Poznań, exceeding time in Google Street Views"
Real Grey,Micro (<10 min),6,"Horror, Science Fiction",Aidan Harrison,,,https://www.themoviedb.org/movie/1593552,"Have you ever seen something on the internet that you just couldn't explain? Maybe it was posted yesterday, maybe it was posted 10 years ago. Either w"
Refractions in Green,Micro (<10 min),9,,Josiah Angcanan,,,https://www.themoviedb.org/movie/1600549,A garden in autumn.
Rendez-vous,Micro (<10 min),0,Mystery,Elias Dieusaert,,https://www.imdb.com/title/tt39182388/,https://www.themoviedb.org/movie/1601782,
rest,Micro (<10 min),9,Drama,Chance Stewart,,,https://www.themoviedb.org/movie/1558356,"a boy narrates throughout his day, reminiscing on old memories and the love he and a girl once shared together."
Return To Retro,Micro (<10 min),4,Documentary,Sofia Morrison,https://www.youtube.com/watch?v=dWTzHdjEfZk,,https://www.themoviedb.org/movie/1598780,"A short documentary exploring the reason behind the return of analog media, specifically vinyl. The documentary focuses on Gabriella, the main partici"
Reverie,Micro (<10 min),4,Drama,Jess Dunne,,,https://www.themoviedb.org/movie/1598417,"Maeve gets overwhelmed at a party, so she slips into her mind."
REVOLUTION,Micro (<10 min),5,,Juan Rocha,,,https://www.themoviedb.org/movie/1599450,Short film directed by Juan Rocha
Ricky-Wong: La garra del panzón,Micro (<10 min),0,"Comedy, Action",Sebastian Melo,,,https://www.themoviedb.org/movie/1602470,
Ride,Micro (<10 min),0,Horror,,,,https://www.themoviedb.org/movie/1307748,"A sick and sadistic Uber driver prowls the night looking for his next victims, but tonight, he may have found the one fare he wished he wouldn't have "
Ride to Meet the Opponent,Micro (<10 min),0,"Comedy, Mystery",Liu Yanjie,,,https://www.themoviedb.org/movie/1597658,"A good-hearted food-delivery rider saves a tycoon and falls for his daughter, Ma Xiaoyun. When she’s trapped in a dangerous scheme, the rider rallies "
Rise Lucidus Rise,Micro (<10 min),5,Comedy,Laurence Whitelegg,,,https://www.themoviedb.org/movie/1596085,"The time has come for three cultists to summon their almighty god, however as they start the process issues arise."
Ritual,Micro (<10 min),4,"Horror, Mystery, Drama",Gabriella Tyszkiewicz,,,https://www.themoviedb.org/movie/1594678,York University self portrait short film by Gabriella Tyszkiewicz
Rock Bottom,Micro (<10 min),8,Comedy,Ed Castañeda,https://subliminaledfilms.com,https://www.imdb.com/title/tt28475542/,https://www.themoviedb.org/movie/1590356,"A film crew documents the historic 100th Annual Stone Skipping Competition held at the Bridgeport Resort featuring the return of the record holder, Da"
"Rock, Paper, Scissors, DRAW!",Micro (<10 min),4,"Western, Comedy",Kyan McDonald,,,https://www.themoviedb.org/movie/1593166,Two best friend’s day is turned upside down after a short trip to the park turns into a £70 parking ticket.
rocks,Micro (<10 min),5,"Animation, Music",Martiniano Alderete,https://www.youtube.com/@neko-tanuki-studio,,https://www.themoviedb.org/movie/1594777,A young beautiful cat drives around looking for some rocks.
Roombound,Micro (<10 min),9,Comedy,Emils Mikelsons,,,https://www.themoviedb.org/movie/1603907,"Two brothers are in lockdown for 23 days and can't leave their rooms, because their sister, Jete Jelbena, has Covid. Both of them decide to document t"
Roommates,Micro (<10 min),3,"Comedy, Horror",Luke Mitchell,,,https://www.themoviedb.org/movie/1585408,"A young man prepares for his date to arrive, while his unconventional roommate becomes a persistent obstacle."
Sacrament of the Crimson Hog Collective,Micro (<10 min),3,,Henry Crawford,https://www.youtube.com/watch?v=Th0FXbgfM54,,https://www.themoviedb.org/movie/1599618,short film depicting a group of dolls worshiping a strip of bacon.
Sad and Empty,Micro (<10 min),0,Drama,Miguel Campos,,,https://www.themoviedb.org/movie/1529702,"Original film from the mind of Anahí Anchondo and directed by upcoming director Miguel Campos, plot TBA."
Salado,Micro (<10 min),0,Comedy,Agustín Estévez,,,https://www.themoviedb.org/movie/1601010,
Santa's Coming!,Micro (<10 min),3,,Harry Santos,,,https://www.themoviedb.org/movie/1602561,"A Christmas-loving teen awakes on Christmas Eve to Santa's sleigh bells, but everything is not what it seems..."
Scent of Honey,Micro (<10 min),6,"Romance, Drama",Adham Abo El Ela,https://www.youtube.com/watch?v=u6l2DL_cpc4&t=2s,,https://www.themoviedb.org/movie/1603191,"Lian, a highly sensitive young woman navigating love, friendship, and emotional attachment as she searches for reassurance, belonging, and clarity in "
Scheduled Programming,Micro (<10 min),1,Comedy,Antonio Renna,,,https://www.themoviedb.org/movie/1587697,Two Friends come to the realisation that they're being watched by an audience.
Schyffert forever,Micro (<10 min),0,Comedy,,,,https://www.themoviedb.org/movie/1596547,
Sculptures,Micro (<10 min),3,Documentary,Ethan Rees,https://vimeo.com/1145911915,,https://www.themoviedb.org/movie/1599412,"A short study on our relationship with natural landscapes, the evolution of spaces and the memories they hold"
Season’s Creepings,Micro (<10 min),4,Comedy,Samhain Mohally Castellano,,,https://www.themoviedb.org/movie/1597042,A comedic short film about three housemates decorating their Christmas tree.
Seja Luz,Micro (<10 min),0,"TV Movie, Music",,,,https://www.themoviedb.org/movie/1606085,
Separ: Tehelné pole,Micro (<10 min),0,Music,,,,https://www.themoviedb.org/movie/1594226,
Sete Olhos De Um Deus Morto,Micro (<10 min),0,Horror,Paulo Monteiro,,,https://www.themoviedb.org/movie/1584936,
Sharing Heat,Micro (<10 min),3,Romance,Dustin Wilson V,https://dustinwilsonv.com/,,https://www.themoviedb.org/movie/1596957,Two men attempt to combat the cold.
She Cheated & She's Awful,Micro (<10 min),7,Drama,Stephen Konnovitch,,https://www.imdb.com/title/tt39102095/,https://www.themoviedb.org/movie/1591187,A man is cheated on. Here's how he should feel.
Sierra Madre,Micro (<10 min),1,Animation,Meri Bianca,,,https://www.themoviedb.org/movie/1595948,"Sierra Madre as a woman threatened by corruption, with a child symbolizing the small and vulnerable people affected by the damage done to the mountain"
Silenced Fight,Micro (<10 min),9,Drama,Jediah Vakacavu,https://www.youtube.com/watch?v=D4J_HvnN6sc,https://www.imdb.com/title/tt39239455/,https://www.themoviedb.org/movie/1602158,"Friends are forever, and neither are you."
Silent Night,Micro (<10 min),9,,Shawn Lamont Smith,,,https://www.themoviedb.org/movie/1604910,"After returning home from shopping, Belle is met with an early Christmas surprise when an intruder breaks into her home, knocks her unconscious, and t"
Silver Joy: Journey Cut,Micro (<10 min),0,"Drama, Horror, Adventure",Bernardo Zamboni,,,https://www.themoviedb.org/movie/1458170,
Simon Kvamm: Alle Sangene Kirketour,Micro (<10 min),0,,,,,https://www.themoviedb.org/movie/1606047,
"Sissi, nouveau pharaon d'Égypte",Micro (<10 min),0,Documentary,Claire Billet,,,https://www.themoviedb.org/movie/1591614,
Slipping Faintly From Your Grace,Micro (<10 min),8,,Kevin Casciani Nolan,,,https://www.themoviedb.org/movie/1605048,An Experiment In Light And Water Motion. Progressively Increasing In Speed And Deepening Layers And Impact Of Sound To Create Through Combined Effects
Sniper Battle,Micro (<10 min),0,Action,Yin Bo,,,https://www.themoviedb.org/movie/1593974,The security squad uncovers a human trafficking scheme while rescuing hostages and is tasked with escorting an undercover agent to gather evidence aga
Snow White,Micro (<10 min),2,,Tobias Basili Hammarsten,,,https://www.themoviedb.org/movie/1593082,The classic story we all know
Solo fue el viento,Micro (<10 min),0,Horror,Federico Lorenzo,,,https://www.themoviedb.org/movie/1601141,
Somewhere in Between,Micro (<10 min),6,"Family, Drama",Fatema Bharucha,,https://www.imdb.com/title/tt39227664/,https://www.themoviedb.org/movie/1601923,"Sakina, a young university student, struggles to find her place as she navigates new spaces, expectations, and her sense of self. Believing that remov"
Sorority Sins,Micro (<10 min),0,"Drama, Comedy",James Challis,,https://www.imdb.com/title/tt39120632/,https://www.themoviedb.org/movie/1593877,"A rumor pits two sorority girls against each other, exposing the addictions and insecurities they’ve tried to hide. In the chaos, they’re forced to co"
Sounds From The Past,Micro (<10 min),4,,Harvey Jay Juan,,,https://www.themoviedb.org/movie/1594482,A dive into vignettes within the director's memories of places he once knew.
Souvenirs d'Autrefois - 昔の思い出,Micro (<10 min),0,"Fantasy, Romance",Victor-Emmanuel Rolland,,,https://www.themoviedb.org/movie/1600391,
spinning flower,Micro (<10 min),1,,Matthew Harley,,,https://www.themoviedb.org/movie/1606640,"some time, october 2024. me and my friend (rei) filmed some shots regarding plants, flowers, grass and trees. i forgot about it soon enough. it’s been"
Sportens årskrönika 2025,Micro (<10 min),0,Documentary,,,,https://www.themoviedb.org/movie/1604886,
Stages,Micro (<10 min),7,Drama,Hayden Shrowder,,,https://www.themoviedb.org/movie/1593188,A reclusive widower faces reappearances of his late wife as he struggles to find his new purpose.
Stand Up e Anda,Micro (<10 min),0,"Comedy, TV Movie",Rodrigo Van Der Put,,https://www.imdb.com/title/tt39215939/,https://www.themoviedb.org/movie/1600649,
Static Disorder,Micro (<10 min),4,"Horror, Animation",B. Pawlowski,,,https://www.themoviedb.org/movie/1601645,A lonely person is afflicted with the most absurd disorder.
Stephen King: La parálisis del miedo,Micro (<10 min),0,,,,,https://www.themoviedb.org/movie/729137,
Strange Tales of Taiping Town,Micro (<10 min),0,"Horror, Mystery, Thriller",Fang Yinghua,,,https://www.themoviedb.org/movie/1599018,
Subterranean,Micro (<10 min),0,Mystery,Enzo Galvao,,,https://www.themoviedb.org/movie/1597879,
Subway Sleeper,Micro (<10 min),7,"Drama, Thriller, Crime",Fritz Frauendorf,https://www.fritzlewisfilms.com,,https://www.themoviedb.org/movie/1595294,"Recently fired and drowning in debt, medical expenses, and anger, Matt drifts through the shadows of survival against the backdrop of a collapsing mod"
SUNSPOTS,Micro (<10 min),9,Horror,Niko Wilkins,,,https://www.themoviedb.org/movie/1595544,SUNSPOTS is a short surrealist horror film written and directed by Niko Wilkins
Sword of the Nightingale,Micro (<10 min),7,"Fantasy, Comedy, Horror",Anthony Leroy,,,https://www.themoviedb.org/movie/1286806,"Thaddeus Nightingale, a bloodthirsty peasant looking to avenge the death of his family, is blessed with a blade by the gods. Armed with his new weapon"
TAPS,Micro (<10 min),5,"Comedy, Horror",Louis Utieyin,https://www.youtube.com/@kinzluiz,,https://www.themoviedb.org/movie/1495816,"When Max unknowingly summons a demon on Grindr, he must do whatever it takes to survive."
TAZA ROTA,Micro (<10 min),0,,Hugo Romero,,,https://www.themoviedb.org/movie/1591856,
Telemann - Återupptäckt!,Micro (<10 min),0,"Documentary, Music",,,,https://www.themoviedb.org/movie/1606849,
Temps Mort,Micro (<10 min),9,Thriller,Maxime Boulan,,,https://www.themoviedb.org/movie/1601027,"Isaire is a man worn down by a monotonous life filled with humiliations. One day, a mysterious customer leaves a strange stopwatch on the counter. Isa"
Terror of the Bunnyman,Micro (<10 min),9,"Action, Horror, Comedy, Thriller",Odin Jacobson,,,https://www.themoviedb.org/movie/1590067,"When a not-so-average high school student becomes the target of an unkillable villain, chaos ensues and lives are held in the balance.  This action/co"
"TH, ALTER EGO",Micro (<10 min),0,Documentary,Léo Joubert,,,https://www.themoviedb.org/movie/1593455,
"The ""Set-Up"" Boxer",Micro (<10 min),0,Drama,Youssef Askar,,,https://www.themoviedb.org/movie/1366585,"Tired of being the punching bag of Alexandria's worst boxers, A young boxer decides to confront a money collector that works in the corrupted betting "
THE 5 STAGES OF LIBERTY,Micro (<10 min),1,,Rayyan Showkat,,,https://www.themoviedb.org/movie/1598101,THE MOVIE TALKS ABOUT THE WAY TO FREEDOM.
The Adventures Of Tony & Raj,Micro (<10 min),8,"Action, Comedy",Vincent Costantino,,,https://www.themoviedb.org/movie/1597829,"Two amateur detectives, Tony and Raj, take on their biggest case yet when they come face-to-face with their arch-nemesis, Tex Shotter. Despite being i"
The Arrangement,Micro (<10 min),0,"Thriller, Horror, Drama",Riley Scott,,,https://www.themoviedb.org/movie/1601641,"The Arrangement is a psychological horror short set entirely during a dinner party at a remote cabin. As the evening unfolds, subtle inconsistencies i"
The Art Exhibit,Micro (<10 min),0,Documentary,Youssef Askar,,,https://www.themoviedb.org/movie/1597154,"A short documentary about an art exhibition at shelter art in Alexandria, Egypt. An extended version of the video that was uploaded on tiktok."
The Artist,Micro (<10 min),1,Drama,Emily Nelson,,,https://www.themoviedb.org/movie/1583564,"Flora, an art student, becomes frustrated with her most recent review."
The Beatles - Free As A Bird: A Song Reborn,Micro (<10 min),0,"Music, Documentary",Oliver Murray,,,https://www.themoviedb.org/movie/1600220,"“A Song Reborn” reveals the extraordinary 1994 reunion of Paul, George and Ringo, 24 years after The Beatles parted ways. A true collaboration became "
The Big Run,Micro (<10 min),6,"Action, Adventure, Drama",Vincent Zielinski,,,https://www.themoviedb.org/movie/1598335,A worn out man attempts to get away from a mysterious figure while his shoes are untied in the urban landscape.
The Breakup,Micro (<10 min),2,Comedy,Eyal Keidar,,,https://www.themoviedb.org/movie/1596432,An unusual breakup.
The Bro Family Journey,Micro (<10 min),0,Documentary,Louis Thiry,,,https://www.themoviedb.org/movie/1605416,
The Bus Stop,Micro (<10 min),1,Drama,Taj Benson,,,https://www.themoviedb.org/movie/1583571,Two Strangers become stuck waiting for the bus.
The Christmas Present Mystery II,Micro (<10 min),0,"Mystery, Action, Family",Ben Leibrecht,,,https://www.themoviedb.org/movie/1600615,"Taking place the year after the events of The Christmas Present Mystery (2024), Detective Detective Jr. is determined to find the person who murdered "
The Cosmic Clown,Micro (<10 min),7,"Adventure, Comedy, Drama, Fantasy, Horror, Music, Mystery, Science Fiction, Thriller",Roan Price,,,https://www.themoviedb.org/movie/1590739,"Depressed divorcee Tim is guided to the ultimate, beautiful oneness of the universe by a freak from the Moon."
The Cranker,Micro (<10 min),5,Documentary,Lyra Noblet,,,https://www.themoviedb.org/movie/1593274,A short Documentary following a beloved local pub faced by threats of demolition.
The Cure For Despondence,Micro (<10 min),8,Drama,Michael Dianos,https://www.youtube.com/watch?v=woqBAOiGpIY&list=PLumNaMv29QmysDHwVKj8hkWyI5KwbjEQo&index=1,,https://www.themoviedb.org/movie/1594819,"Damien, a young man unable to cry, lives in a paralysed emotional state. Despite trying everything from sad movies to onions, nothing can break throug"
The deleted message,Micro (<10 min),5,"Drama, Mystery",Cedric Le rouge,,https://www.imdb.com/title/tt39239260/,https://www.themoviedb.org/movie/1601891,"A man receives a message from an unknown number inviting him to return to the place where it all began. Following the clue, he returns to a park from "
The Director,Micro (<10 min),5,Comedy,Michael Schultz,,,https://www.themoviedb.org/movie/1600525,"An egotistical, talentless director insists on filming a behind-the-scenes documentary to showcase his “genius,” only to expose his incompetence as hi"
The Drop Off,Micro (<10 min),5,"Comedy, Action, Crime",Eshaan Ghosh,,,https://www.themoviedb.org/movie/1576043,"We thought it’d be easy, grab a kid, make a call, get some cash. Turns out the “kid” was way too calm about the whole thing. Now the cops are circling"
The Egg,Micro (<10 min),6,"Drama, Fantasy, Science Fiction, Comedy",Connor Grant,,,https://www.themoviedb.org/movie/1592273,"Andy has died and through the annoyance of the Higher Being, he attempts to understand the inner workings of the universe"
The Elephant's Present,Micro (<10 min),0,"Drama, Comedy",Christian Kostyniuk,https://www.thunderlizardcollective.com,https://www.imdb.com/title/tt30843383/,https://www.themoviedb.org/movie/1233056,James comes home for the holidays with the intention of repairing the strained relationship with his daughter. Despite his attempt to mend things with
the evil tomato throwing bastard,Micro (<10 min),2,Horror,Miles Becker,,,https://www.themoviedb.org/movie/1592556,a man tries to take a normal walk but is instead assaulted by a produce loving bastard who is out to get him
The Gathering,Micro (<10 min),2,"Drama, Mystery",Zach Gianna,,,https://www.themoviedb.org/movie/1604153,The value of Christmas tradition with family
THE GIRL,Micro (<10 min),0,"Thriller, Horror",Jona Norici,,,https://www.themoviedb.org/movie/1594027,
The Harmony Files,Micro (<10 min),8,Horror,Sid Bhaskaran,,,https://www.themoviedb.org/movie/1594840,"When fear becomes peace and choice becomes myth, one recording tries to remember what humanity used to be."
The Haunting and The Hound,Micro (<10 min),4,"Horror, Mystery, Thriller",Jensen Craigie,https://www.youtube.com/watch?v=IlX7EIyKdy8&t=16s,,https://www.themoviedb.org/movie/1605614,A woman wakes up in the middle of the night to a haunting paranormal occurrence with her pet dog at the centre of the mystery.
The KoolPals Anniversary Comedy Special,Micro (<10 min),0,Comedy,Marius Talampas,,,https://www.themoviedb.org/movie/1596196,Stand-up comedy special of The KoolPals podcast in celebration of their 6th Anniversary.
The Last Caller,Micro (<10 min),6,"Science Fiction, Drama",Marvel Muliana,https://www.mediafactory.org.au/2025-flex-golden-age-cinema/2025/12/06/the-last-caller/,,https://www.themoviedb.org/movie/1598481,"In a smartphone obsessed world, a troubled outcast refuses to use one, haunted by a tragic past. Working as an emergency hotline operator, he dedicate"
The last years,Micro (<10 min),0,Drama,,,,https://www.themoviedb.org/movie/1513402,
The Leg,Micro (<10 min),8,"Horror, Drama",Kurtis Spralja,,,https://www.themoviedb.org/movie/1603354,"When a mysterious entity takes the form of a mannequin leg, it is up to William and his friends to make it to morning alive."
The Long Ride Home,Micro (<10 min),9,,Tran Hoang Calvin,https://www.nodehaus.co/work/long-ride-home,,https://www.themoviedb.org/movie/1592494,"Austin Van Dyke embarks on a heartfelt global journey in 2021 to track down and return his father’s beloved 1968 Pontiac GTO, a car his dad restored a"
The Lost Construction,Micro (<10 min),0,"Mystery, Thriller, Drama",Kerem Bilgücü,,,https://www.themoviedb.org/movie/1592713,
The Mackey Movie,Micro (<10 min),0,"Action, Adventure",Alexander Velasquez,,,https://www.themoviedb.org/movie/1601163,"After the Mackey files leak Paul (Paul Roy) puts together his best agents Dan (Daniel Roy) , Alex (Alexander Velasquez), Miles (Myles Fox) and Dontoli"
The Marvelous Adventure of Chispita the Dog,Micro (<10 min),3,"Comedy, Adventure",Christian Boucher,,,https://www.themoviedb.org/movie/1551869,"A small little dog named Chispita ""Chi Chi"" has the potential to have the most grand adventure a dog could have, but will she go through with it?"
The Milkman,Micro (<10 min),3,Comedy,Walter Wagner,,,https://www.themoviedb.org/movie/1593637,A milkman on his daily route comes across a peculiar client.
The Mime,Micro (<10 min),0,"Horror, Thriller",Dragan Ellis,,,https://www.themoviedb.org/movie/1392934,"When a murderous mime starts a killing spree in a quiet neighborhood, an already injured teenager must survive his onslaught of terror."
The Naughty Ones,Micro (<10 min),4,"Thriller, Action, Animation, Crime",Zachary Carmona,,,https://www.themoviedb.org/movie/1602423,An off the clock mall Santa with a checkered past finds himself in a bloody altercation with a group of thieves on christmas eve
The Original+,Micro (<10 min),0,,,,,https://www.themoviedb.org/movie/1603074,
The Pact,Micro (<10 min),7,"Crime, Comedy",Brandon Calder,,https://www.imdb.com/title/tt37560857/,https://www.themoviedb.org/movie/1605224,"During a late-night heist planning session, three bumbling criminals make a pact- only to quickly spiral into chaos as overactive imaginations, delusi"
The Patient,Micro (<10 min),0,Thriller,Mukunda Michael Dewil,,https://www.imdb.com/title/tt31414242/,https://www.themoviedb.org/movie/1290799,An amnesiac hospital patient is issued a life he doesn't remember. But soon he comes to suspect that he’s being manipulated in order to protect a powe
The Pitch,Micro (<10 min),5,"Drama, Comedy, Thriller",Christian Aquino,,,https://www.themoviedb.org/movie/1603303,A director pitches his film to the head of a studio who has a suggestion.
The Prince's First Love,Micro (<10 min),0,"Romance, Drama",,,,https://www.themoviedb.org/movie/1606090,
The Quiet Knight's Canvas,Micro (<10 min),0,,Luke B Wilson,,,https://www.themoviedb.org/movie/1596776,"A Knight, scarred by his past of violence, wanders aimlessly in search of a 50,000 bounty reward. Along his journey he encounters a painter, who helps"
The Real Beings,Micro (<10 min),0,Drama,,,,https://www.themoviedb.org/movie/1524811,
The REDACTED States of America,Micro (<10 min),4,Comedy,Adam Smith,,https://www.imdb.com/title/tt38116977/,https://www.themoviedb.org/movie/1585387,"In a nationally televised address, the President of America auctions off the ""united"" states one territory at a time."
The Rise: The New MoneyBall,Micro (<10 min),0,Documentary,,,,https://www.themoviedb.org/movie/1599042,An inside look at the past 50 years that led to women's professional sports becoming a billion-dollar business and a hot pop culture topic in 2024.
The Runaways,Micro (<10 min),3,Drama,Luke Lippiatt,,,https://www.themoviedb.org/movie/1573186,The film follows teenager Grace and her much younger sister Jesse as they runaway from their broken home and onto the coast of Western Australia.
The Silent Oath,Micro (<10 min),5,"Drama, Science Fiction",Ved,,,https://www.themoviedb.org/movie/1590995,A Lonely Man locked in an Abandoned House awaits an extraterrestrial message to cure his Solitude's Embrace.
The Silver Locket,Micro (<10 min),4,Horror,Susannah Pascali,,,https://www.themoviedb.org/movie/1593205,"Two girls discover an old locket in their classroom. Not too soon after, they find the locket is attached to an unknown spirit that torments them when"
The Sky Is Watching Us,Micro (<10 min),4,"Western, Drama",Paul Fauchet,,,https://www.themoviedb.org/movie/1597215,"One evening, Kenned receives a call... his biggest fan wants to meet him"
The Strangers’ Case,Micro (<10 min),9,,Peter Trifunovic,,https://www.imdb.com/title/tt9734460/,https://www.themoviedb.org/movie/698483,"In 1517, anti-immigrant riots broke out in London. Thomas More, then a deputy Sheriff of the city, intervened. Decades later, William Shakespeare wrot"
The Stray,Micro (<10 min),5,Thriller,Tim Teets,,https://www.imdb.com/title/tt38792994/,https://www.themoviedb.org/movie/1603550,"In a quiet neighborhood where nothing ever happens, two girls have a secret.  Starring Kaylee Christmas and Khloe Christmas, The Stray is a haunting t"
The Things We Take,Micro (<10 min),8,,조연우,,,https://www.themoviedb.org/movie/1592372,"Woojin works night shifts at a convenience store while preparing for the police exam. One quiet morning, while studying and cleaning, he sees a man at"
the tragic tale of the man who spat on lenny lemonadi's lemons,Micro (<10 min),4,Comedy,Miles Becker,,,https://www.themoviedb.org/movie/1594796,a horrifying tale of a man who simple wanted some lemonade and instead died brutally oh no!
The Video 4,Micro (<10 min),0,"Horror, Comedy",Omar Omri,,,https://www.themoviedb.org/movie/1604614,A mental parasite forces individuals to dance. An affected young man fights against the parasite and develops a split personality.
The View Between Villages,Micro (<10 min),3,,Zach Kates,,,https://www.themoviedb.org/movie/1606358,"A short film set to Noah Kahan's ""The View Between Villages"" about teenager Caleb, trying to handle the hurdles life is throwing at him."
The Word,Micro (<10 min),6,"Comedy, Action",Emma Bednarowski,,,https://www.themoviedb.org/movie/1593216,"Dani Ocean's boyfriend cheated on her. She wants to leave him but he's threating to leak The Word, a document which the sorority posts illegal academi"
The Worst Hotel In Sunderland,Micro (<10 min),1,Comedy,Kayven Kaplan,,https://www.imdb.com/title/tt39118073/,https://www.themoviedb.org/movie/1594260,A travel vlogger can't quite put into words just how bad her hotel room is.
Through the noise and light,Micro (<10 min),3,,hamidreza derakhshan,,,https://www.themoviedb.org/movie/1605060,A journey through a nocturnal dream.
Time Travel Toilet,Micro (<10 min),8,"Science Fiction, Comedy, Drama",Harvey Smith,,,https://www.themoviedb.org/movie/1601872,"During a high-speed pursuit, Yanis, an unstable dead-end loser, stumbles into the only escape he can find: a time-travelling toilet."
Tivolirevyen 2025,Micro (<10 min),0,Comedy,,,,https://www.themoviedb.org/movie/1605333,
To Set a Spirit Free,Micro (<10 min),0,Drama,You-Chi Fang,,,https://www.themoviedb.org/movie/1544914,"Inspired by a true incident rooted in Taiwanese folk beliefs, To Set a Spirit Free begins with a religious fish-release ritual that takes an unexpecte"
Tonight's the Night,Micro (<10 min),4,"Horror, Animation",Abigail Jacobs,,,https://www.themoviedb.org/movie/1600092,"A pipe cleaner man goes about his day, but starts falling apart because of an unseen force."
Torro,Micro (<10 min),3,Action,Connor Reilly,,,https://www.themoviedb.org/movie/1599354,An underground fight takes place between Jimmy McCool and Torro
Traces,Micro (<10 min),0,Documentary,Nino Guerassimoff,,,https://www.themoviedb.org/movie/1595277,
Tractor Ted A-maizing Day,Micro (<10 min),0,"Family, Documentary",,,,https://www.themoviedb.org/movie/1055237,Lots of tractors help the forage harvester to harvest the maize and Farmer Tom puts it into a huge pile.
Tractor Ted Baby Baa Day,Micro (<10 min),0,,,,,https://www.themoviedb.org/movie/1512169,"Tractor Ted and Midge meet Cammy the shephard, his lambs and the machine that feeds them."
Tractor Ted Big Blueberry Muffin,Micro (<10 min),0,,,,,https://www.themoviedb.org/movie/1495101,JB helps Tractor Ted find blueberries and the amazing machine that harvests them.
Tractor Ted Big Machines 2,Micro (<10 min),0,,,,,https://www.themoviedb.org/movie/1316320,"Tractor Ted goes and sees lots of Big Machines working with lavender, Sunny Seeds and Hey Haylage."
Tractor Ted Brilliant Baler,Micro (<10 min),0,"Documentary, Family",,,,https://www.themoviedb.org/movie/1055232,The forage harvester cuts the tall grass and then the brilliant baler squashes it into big bales.
Tractor Ted Caterpillar Hunt,Micro (<10 min),0,,,,,https://www.themoviedb.org/movie/1391552,Tractor Ted and Midge are on a bug hunt for caterpillars but find a giant tractor with catepillar tracks.
Tractor Ted Chip Chipping,Micro (<10 min),0,,,,,https://www.themoviedb.org/movie/1129038,Farmer Tom helps trim the trees and a tractor with a spinning cab brings the chipper to chop them into chips.
Tractor Ted Come Bye,Micro (<10 min),0,,,,,https://www.themoviedb.org/movie/1246650,Emma and Ewan show Tractor Ted and Midge their sheepdogs and farm on the Isle of Bute
Tractor Ted Farm Visit 2,Micro (<10 min),0,,,,,https://www.themoviedb.org/movie/1056330,See how vegetables grow above ground and some below.
Tractor Ted Glorious Grass,Micro (<10 min),0,"Family, Documentary, Animation",,https://tractorted.com/,,https://www.themoviedb.org/movie/958791,Find out how silage is made on the farm. Meet Tractor Ted and Farmer Tom as they see tractors and forage harvesters hard at work in the fields cutting
Tractor Ted Hey Haylage,Micro (<10 min),0,,,,,https://www.themoviedb.org/movie/1067523,"The haylage needs to get all wrapped up so the tedders, rakes, balers and wrappers get to work."
Tractor Ted Hidden Fruit,Micro (<10 min),0,,,,,https://www.themoviedb.org/movie/1495104,Tractor Ted visits a farm which makes yummy snacks with hidden fruit.
Tractor Ted Meets More Animals,Micro (<10 min),0,"Documentary, Family",,,,https://www.themoviedb.org/movie/1056767,Tractor Ted takes us to see some unusual farm animals and we see some big farm machines hard at work
Tractor Ted Midge's Christmas Wish,Micro (<10 min),0,,,,,https://www.themoviedb.org/movie/1600451,"Midge has a very special Christmas wish... to find the perfect tree for all the presents she has for Tractor Ted, Herb, Meadow and Dibble!"
Tractor Ted Mighty Mushrooms,Micro (<10 min),0,,,,,https://www.themoviedb.org/movie/1120082,Farmer Tom gets lots of machines to help him turn straw into food for the mushrooms.
Tractor Ted Mucky Muck,Micro (<10 min),0,"Documentary, Family",,,,https://www.themoviedb.org/movie/1055197,It's time for muck spreading on the farm using all the muck that Farmer Tom has cleared from the cow's barn.
Tractor Ted Scrummy Berry Moo,Micro (<10 min),0,,,,,https://www.themoviedb.org/movie/1172027,"Milk from the cows, strawberries picked by Tractor Ted and lots of farm machines help make scrummy ice cream."
Tractor Ted Spuds in Mud,Micro (<10 min),0,"Family, Documentary",,,,https://www.themoviedb.org/movie/1055234,Clever machines are needed in the potato field and Cheeky Midge gets a closer look.
Tractor Ted Sunny Seeds,Micro (<10 min),0,"Family, Documentary",,,,https://www.themoviedb.org/movie/1055236,The combine harvester harvests sunflowers and the children make sunflower seed balls for the birds.
Tractor Ted The Big Dig,Micro (<10 min),0,,,,,https://www.themoviedb.org/movie/1595733,Tractor Ted goes to the JCB factory to see the diggers being made.
Tractor Ted Tumbling Time,Micro (<10 min),0,"Family, Documentary",,,,https://www.themoviedb.org/movie/1055238,An apple harvester collects up apples that are given a good wash and the children make apple juice.
Transcend the Maelstrom,Micro (<10 min),8,"Horror, Thriller, Mystery",Monica Yasmin Arceo,,,https://www.themoviedb.org/movie/1565024,Felix goes on a camping trip with his new friends. He tries to fit into the group but feels too scared to show his true self. Felix's new friends tell
Transcendance Dogmatique,Micro (<10 min),0,"Mystery, Horror",Titouan Libbrecht,,,https://www.themoviedb.org/movie/1598758,
Tremito,Micro (<10 min),0,Thriller,Filippo Gitti,,,https://www.themoviedb.org/movie/1597856,
Trevlig nyårshelg!,Micro (<10 min),0,Comedy,,,https://www.imdb.com/title/tt39130552/,https://www.themoviedb.org/movie/1606896,
Trine Gadebergs Juleshow,Micro (<10 min),0,"Music, Family",Lars Hammer,,,https://www.themoviedb.org/movie/1602229,
Ula odgrzewa pyry,Micro (<10 min),0,,Urszula Antonina Wypij-Jakubowska,,,https://www.themoviedb.org/movie/1594775,
Um Corpo Na Escuridão,Micro (<10 min),0,"Horror, Mystery, Thriller",Miguel Cavalcante,,,https://www.themoviedb.org/movie/1598921,
Umbral,Micro (<10 min),9,Drama,David Pallares Bretón,,,https://www.themoviedb.org/movie/1600053,"In a party, Emilia and Damian get stuck together inside a bathroom. Between confessions and silence, they discover that intimacy is born out of vulner"
Un día cualquiera,Micro (<10 min),0,"Documentary, Drama",Renzo Lagos Alfaro,,,https://www.themoviedb.org/movie/1595655,An ordinary day where two ordinary people get together to talk about ordinary things.
Un Lugar sin Sol,Micro (<10 min),0,Drama,Amelie Padilla,,,https://www.themoviedb.org/movie/1596530,"When Sol leaves the country to study abroad, Gabi is left facing the void that her sister always filled: that of guide, source of admiration and the i"
Un Paarvayil,Micro (<10 min),0,"Thriller, Mystery",Kabir Lal,,https://www.imdb.com/title/tt15176374/,https://www.themoviedb.org/movie/985354,"When tragedy strikes twice, Bhavya refuses to remain a victim. Visually impaired, she is drawn into a perilous hunt for the truth behind the mysteriou"
Una casa en el pueblo,Micro (<10 min),0,Documentary,,,,https://www.themoviedb.org/movie/1597293,
Unbound: A Break From Fate,Micro (<10 min),5,"Drama, Comedy",TommyB,,,https://www.themoviedb.org/movie/1598055,Odin takes a holiday to Italy but gets an unexpected visitor...
Une Interview,Micro (<10 min),0,Documentary,Kenzo Pinto,,,https://www.themoviedb.org/movie/1601760,
Unspoken Words,Micro (<10 min),5,Drama,André Macedo,,,https://www.themoviedb.org/movie/1592686,The short film portrays Clara and Lucas’s final moments together before she moves to London and they part ways forever. While Lucas still has hope for
Untitled,Micro (<10 min),7,,Bingham Bryant,,,https://www.themoviedb.org/movie/1591260,"Short for Portuguese television channel Canal180's ""Jogo Cruzado"" series."
Untitled - [Into The Wild],Micro (<10 min),2,Horror,Anthony Reed,https://www.youtube.com/watch?v=A362Qd0EJNY,,https://www.themoviedb.org/movie/1605028,into the wild
Untitled Cat Commercial,Micro (<10 min),5,"Horror, Action",Anthony Leroy,,,https://www.themoviedb.org/movie/1399488,A commercial for cat treats that cause lasers to shoot from the feline’s eyes to stop home invaders.
untitled.01,Micro (<10 min),3,Drama,Ecem Erdoganlar,,,https://www.themoviedb.org/movie/1561178,A girl struggling with an inner conflict finds the solution in conventional ways.
Upiór,Micro (<10 min),6,"Fantasy, Drama",Qasim Sabba,,,https://www.themoviedb.org/movie/1596762,A vampire tasked with supplying blood for a vampire ball gets tempted to turn one of her victims.
"Ups, vi er voksne julespecial",Micro (<10 min),0,Documentary,,,,https://www.themoviedb.org/movie/1600170,
URBAN LEGEND : BEGU JUMA,Micro (<10 min),0,Mystery,,,,https://www.themoviedb.org/movie/1596556,"Kris Ginting, the son of a migrant farmer from Tanah Karo, attempts to help his father hide a corpse found under mysterious circumstances in their fam"
Vampiro,Micro (<10 min),0,"Romance, Drama",,,,https://www.themoviedb.org/movie/1573759,
"Vanessa Paradis, la soirée",Micro (<10 min),0,"Music, Documentary",Julien Peultier,,,https://www.themoviedb.org/movie/1593970,
Velapse,Micro (<10 min),4,"Thriller, Comedy, Horror",Sam Lavagnino,,,https://www.themoviedb.org/movie/1595452,A recovering ex-meat-eater approaches a “vege-therapist” to stop his carnivorous ways for good… but chaos ensues when his cravings unleash their true 
Vers d'autres chemins,Micro (<10 min),0,Documentary,François Perlier,,,https://www.themoviedb.org/movie/1599617,
VOLTO CON OMICIDIO  - Cortometraggio Casareccio,Micro (<10 min),0,,Emiliano Renino,,https://www.imdb.com/title/tt01122025/,https://www.themoviedb.org/movie/1590949,
Voy dejando huellas en la tierra que me vió nacer,Micro (<10 min),0,Documentary,Daniela López,,,https://www.themoviedb.org/movie/1590926,
Världens räddaste ren,Micro (<10 min),0,Documentary,,,,https://www.themoviedb.org/movie/1603433,
Wait For The Applause,Micro (<10 min),0,"Drama, Comedy",Noah Gallagher,,https://www.imdb.com/title/tt39246895/,https://www.themoviedb.org/movie/1472662,"While trying to balance life and his comedy career, Kenny Koin is tormented by a jester only he can see called The Fool who seems to want nothing  but"
Waly Dia : Une heure à tuer,Micro (<10 min),0,Comedy,,,,https://www.themoviedb.org/movie/1597201,
WARRIOR,Micro (<10 min),6,Drama,Evan Escue,,,https://www.themoviedb.org/movie/1583458,A heroin addict encounters a warrior fighting for her soul.
Warum sind Sonntage so deprimierend?,Micro (<10 min),6,Horror,Loris Vetter,,,https://www.themoviedb.org/movie/1595990,"Every Sunday night a young man buries a ""cervelat"" in the woods. At the same time, people in the nearby small town start to disappear."
we need to talk...,Micro (<10 min),1,Comedy,Bailey Klingberg,,,https://www.themoviedb.org/movie/1592598,"Grant, an Influencer is forced to fake his products downfall."
Weiße Linien,Micro (<10 min),5,,Marie Feichtinger,,,https://www.themoviedb.org/movie/1600937,"INSTANT36 2025. 1st place:  Created in just 36 hours on the theme: ""One day we are supposed to grow"" as part of the INSTANT36 Film Festival."
WESTERN EYES,Micro (<10 min),3,Horror,andrew mcvey,,,https://www.themoviedb.org/movie/1596241,"hiding out of view of the mundane but comfortable college campus, is a dark basement where some excitement takes place"
What they sit on in Tbilisi,Micro (<10 min),0,Documentary,Alexander Zakharenkov,,,https://www.themoviedb.org/movie/1602491,
What's Wrong with the Net?,Micro (<10 min),1,Drama,Curtis Comblas,,,https://www.themoviedb.org/movie/1594854,"Outdoor Enthusiast, Content with his life is suddenly unplugged from his ‘Reality’"
What-how?,Micro (<10 min),3,Drama,Papian Mari,,,https://www.themoviedb.org/movie/1596886,A schoolgirl struggles with choosing a profession due to the uncertainty and the pressure from relatives.
When Lost,Micro (<10 min),0,,Rafael Herrera,,,https://www.themoviedb.org/movie/1605439,
Where You Left Me,Micro (<10 min),0,,Keary Callier-Cobbs,,,https://www.themoviedb.org/movie/1593706,Plot unknown
White Cat and Green Ball,Micro (<10 min),0,"Mystery, Horror",Sakuhang Rai,,,https://www.themoviedb.org/movie/1590988,Cat walks to a ball
Whodidit?,Micro (<10 min),2,"Comedy, Mystery",Kielan Ellis,http://www.512red.com,,https://www.themoviedb.org/movie/1596400,A young wannabe detective is presented with an opportunity to prove himself.
"Wie zerrissen ist Deutschland? - Der Streit um Werte, Meinung und Macht",Micro (<10 min),0,Documentary,Jessy Wellmer,,,https://www.themoviedb.org/movie/1601825,
Winter Murders,Micro (<10 min),5,Horror,Kai Chartier,,,https://www.themoviedb.org/movie/1603772,"When Theodore is shoveling his sidewalk, Jimmy attempts & succeeds in murdering him!"
Within the Habit,Micro (<10 min),8,Documentary,Lucas Enrique,,,https://www.themoviedb.org/movie/1597465,"A hush rests upon the monastery, stirred by echoes that drift through its halls. Chants, prayers, and gentle whispers compose the soundscape of the Mo"
Witness,Micro (<10 min),3,"Thriller, Drama",Emma Smith,,,https://www.themoviedb.org/movie/1599576,A young man must play along in the aftermath of a gruesome murder.
Wood Screw,Micro (<10 min),3,Drama,Yiannis Margaronis,https://www.youtube.com/watch?v=rEFi7gcn0Iw,,https://www.themoviedb.org/movie/1604467,"When the individual lifestyles of the embodiments of urban and nature meet... They clash, and create a new parasitic relationship."
Woody's Roundup,Micro (<10 min),1,"Adventure, Comedy, Western",,,https://www.imdb.com/title/tt39238903/,https://www.themoviedb.org/movie/1603050,"In the Wild West, a fire breaks out and Sheriff Woody is tasked with stopping the destruction."
Y aura-t-il de l’eau cet été ?,Micro (<10 min),0,Documentary,Sophie Averty,,,https://www.themoviedb.org/movie/1595495,
"Yeouch, My Retina!",Micro (<10 min),2,Action,Shaun Hallahan,,,https://www.themoviedb.org/movie/1594907,This is pretty abstract.
Yo cazatesoros: El quinto del rey,Micro (<10 min),0,"Adventure, Comedy, Drama",Tony A. Rodriguez,,https://www.imdb.com/title/tt31418471/,https://www.themoviedb.org/movie/1601450,
yosi 4 u,Micro (<10 min),5,Adventure,Den Mark Vanguardia,,,https://www.themoviedb.org/movie/1594119,Back to square one. A guy trying to quit his smoking habits.
You Can't Outrun Yourself,Micro (<10 min),0,Animation,Sabine Gilley,,https://www.imdb.com/title/tt36376251/,https://www.themoviedb.org/movie/1568314,"A mixed media experimental film that pays homage to the surrealist artists, Claude Cahun & Marcel Moore."
You've Got (the Wrong) Mail,Micro (<10 min),6,Comedy,Morgan Lucas,,,https://www.themoviedb.org/movie/1595356,"A sleep-deprived man on the brink of losing his mind discovers his much-needed insomnia medication was delivered to the wrong house, sending him on a "
Zamba,Micro (<10 min),6,Comedy,Guadalupe Blanco,,,https://www.themoviedb.org/movie/1595535,"A third grade teacher deals with a recent wave of divorces, while Matias anxiously awaits his day spent with the class teddy bear, Zamba."
Æternum,Micro (<10 min),1,,Aleph,,,https://www.themoviedb.org/movie/1597348,Experimental short film
É o Fim da Picada!,Micro (<10 min),0,"Comedy, Science Fiction",Giulia Confar,,,https://www.themoviedb.org/movie/1596498,
Últimas Filmagens,Micro (<10 min),0,Documentary,Lucas Paredes,,,https://www.themoviedb.org/movie/1597894,"An anti-film by Lucas Paredes. Divided into two parts, the short film ""Últimas Filmagens"" explores the contrast between work and leisure through the "
Аферист. Сбежавший из-под венца,Micro (<10 min),0,"Documentary, Crime",Владимир Сорокин,,,https://www.themoviedb.org/movie/1596717,
Репресована коляда,Micro (<10 min),0,Documentary,Stanislava Doronchenko,,,https://www.themoviedb.org/movie/1595610,
Семьянин,Micro (<10 min),0,"Comedy, Family",Dmitry Vlaskin,,https://www.imdb.com/title/tt36107132/,https://www.themoviedb.org/movie/1248732,"Millionaire Georgiy celebrates his birthday all alone. Not being quite sober, he demands that his faithful assistant Ilya organize a real family for h"
Стажер по-русски,Micro (<10 min),0,Comedy,,,,https://www.themoviedb.org/movie/1549687,
Шальная императрица,Micro (<10 min),0,"Comedy, Adventure, Fantasy",Radda Novikova,,https://www.imdb.com/title/tt38608687/,https://www.themoviedb.org/movie/1566700,"St. Petersburg. Friends Lera, Valya, and Olya perform a mystical ritual for fun, and suddenly Catherine the Great herself materializes in the kitchen "
הכל חרא - ספיישל חנוכה,Micro (<10 min),0,"Comedy, Science Fiction",Shahar Weizman,,,https://www.themoviedb.org/movie/1604993,
جال,Micro (<10 min),4,"Horror, Thriller, Mystery",Zara Imran,,,https://www.themoviedb.org/movie/1601848,"After entering a neighborhood house to retrieve a ball, Hussain, a young adult, is trapped in a loop."
อีหนิง,Micro (<10 min),0,"Drama, Family",Rattaphum Boonying,,,https://www.themoviedb.org/movie/1600473,
为你盛开——许巍《无尽光芒》巡回演唱会现场纪念（ 杜比全景声视听版）,Micro (<10 min),0,Music,,,,https://www.themoviedb.org/movie/1602711,
你好倾城2,Micro (<10 min),0,"Romance, Drama, Comedy, Action",,,,https://www.themoviedb.org/movie/1594974,
夏日书局,Micro (<10 min),0,"Comedy, Romance",,,,https://www.themoviedb.org/movie/1598744,
河童之湄澜怪谈,Micro (<10 min),0,"Horror, Mystery, Science Fiction",,,,https://www.themoviedb.org/movie/1600369,
火中金,Micro (<10 min),0,War,Cao Hui Sheng,,,https://www.themoviedb.org/movie/1594596,
私房钱事件,Micro (<10 min),0,"Mystery, Thriller, Crime",,,,https://www.themoviedb.org/movie/1593327,
花魁 ~SAGA,Micro (<10 min),0,,,,,https://www.themoviedb.org/movie/1604949,
荔枝树下热烈岛 电影版,Micro (<10 min),0,,Lizzy,,,https://www.themoviedb.org/movie/1603882,
赶山人传奇,Micro (<10 min),0,"Drama, Adventure",,,,https://www.themoviedb.org/movie/1593199,
